-- Nuovo schema immigrazione popolato con Dati Reali (CSV)
CREATE DATABASE IF NOT EXISTS immigrazione_3nf_reale;
USE immigrazione_3nf_reale;

SET FOREIGN_KEY_CHECKS=0;

-- (DDL ometto la creazione completa per brevita e la copio dallo schema precedente)
DROP TABLE IF EXISTS dim_paesi;
CREATE TABLE dim_paesi (
    id_paese INT AUTO_INCREMENT PRIMARY KEY,
    nome_paese VARCHAR(100) NOT NULL UNIQUE,
    regione_mondo VARCHAR(100),
    continente VARCHAR(50)
) ENGINE=InnoDB;

DROP TABLE IF EXISTS dim_regioni_italia;
CREATE TABLE dim_regioni_italia (
    id_regione INT AUTO_INCREMENT PRIMARY KEY,
    nome_regione VARCHAR(100) NOT NULL UNIQUE,
    macroarea VARCHAR(50)
) ENGINE=InnoDB;

DROP TABLE IF EXISTS dim_tempi;
CREATE TABLE dim_tempi (
    anno INT PRIMARY KEY
) ENGINE=InnoDB;

DROP TABLE IF EXISTS dim_sesso;
CREATE TABLE dim_sesso (
    id_sesso CHAR(1) PRIMARY KEY,
    descrizione VARCHAR(20)
) ENGINE=InnoDB;

DROP TABLE IF EXISTS fact_flussi_migratori;
CREATE TABLE fact_flussi_migratori (
    id_flusso INT AUTO_INCREMENT PRIMARY KEY,
    anno INT NOT NULL,
    id_paese INT NOT NULL,
    id_sesso CHAR(1) NOT NULL,
    num_migranti INT DEFAULT 0,
    FOREIGN KEY (anno) REFERENCES dim_tempi(anno) ON DELETE CASCADE,
    FOREIGN KEY (id_paese) REFERENCES dim_paesi(id_paese) ON DELETE CASCADE,
    FOREIGN KEY (id_sesso) REFERENCES dim_sesso(id_sesso) ON DELETE CASCADE,
    UNIQUE KEY (anno, id_paese, id_sesso)
) ENGINE=InnoDB;

DROP TABLE IF EXISTS fact_economia_istat;
CREATE TABLE fact_economia_istat (
    id_istat INT AUTO_INCREMENT PRIMARY KEY,
    anno INT NOT NULL,
    id_paese INT NOT NULL,
    tasso_occupazione_perc DECIMAL(5,2),
    val_aggiunto_mln DECIMAL(10,2),
    occ_primario_perc DECIMAL(5,2),
    occ_secondario_perc DECIMAL(5,2),
    occ_terziario_perc DECIMAL(5,2),
    FOREIGN KEY (anno) REFERENCES dim_tempi(anno) ON DELETE CASCADE,
    FOREIGN KEY (id_paese) REFERENCES dim_paesi(id_paese) ON DELETE CASCADE,
    UNIQUE KEY (anno, id_paese)
) ENGINE=InnoDB;

DROP TABLE IF EXISTS fact_contributi_inps;
CREATE TABLE fact_contributi_inps (
    id_inps INT AUTO_INCREMENT PRIMARY KEY,
    anno INT NOT NULL,
    id_paese INT NOT NULL,
    lavoratori_attivi INT,
    stipendio_medio_annuo DECIMAL(10,2),
    contributi_versati_mln DECIMAL(10,2),
    pensionati INT,
    perc_impiego_domestico DECIMAL(5,2),
    FOREIGN KEY (anno) REFERENCES dim_tempi(anno) ON DELETE CASCADE,
    FOREIGN KEY (id_paese) REFERENCES dim_paesi(id_paese) ON DELETE CASCADE,
    UNIQUE KEY (anno, id_paese)
) ENGINE=InnoDB;

DROP TABLE IF EXISTS fact_impatto_regionale;
CREATE TABLE fact_impatto_regionale (
    id_impatto INT AUTO_INCREMENT PRIMARY KEY,
    anno INT NOT NULL,
    id_regione INT NOT NULL,
    occupati_immigrati_k DECIMAL(8,2),
    pil_generato_mld DECIMAL(8,2),
    incidenza_pil_perc DECIMAL(6,4),
    fabbisogno_occupati INT,
    FOREIGN KEY (anno) REFERENCES dim_tempi(anno) ON DELETE CASCADE,
    FOREIGN KEY (id_regione) REFERENCES dim_regioni_italia(id_regione) ON DELETE CASCADE,
    UNIQUE KEY (anno, id_regione)
) ENGINE=InnoDB;

SET FOREIGN_KEY_CHECKS=1;

INSERT INTO dim_tempi (anno) VALUES (2015), (2016), (2017), (2018), (2019), (2020), (2021), (2022), (2023), (2024);
INSERT INTO dim_sesso (id_sesso, descrizione) VALUES ('M', 'Maschio'), ('F', 'Femmina'), ('T', 'Total');
INSERT INTO dim_paesi (id_paese, nome_paese, regione_mondo, continente) VALUES
(1, 'Afghanistan', 'Southern Asia', 'Asia'),
(2, 'Albania', 'Southern Europe', 'Europe'),
(3, 'Algeria', 'Northern Africa', 'Africa'),
(4, 'Andorra', 'Southern Europe', 'Europe'),
(5, 'Angola', 'Middle Africa', 'Africa'),
(6, 'Anguilla', 'Caribbean', 'North America'),
(7, 'Antigua and Barbuda', 'Caribbean', 'North America'),
(8, 'Argentina', 'South America', 'South America'),
(9, 'Armenia', 'Western Asia', 'Asia'),
(10, 'Aruba', 'Caribbean', 'North America'),
(11, 'Australia', 'Australia and New Zealand', 'Oceania'),
(12, 'Austria', 'Western Europe', 'Europe'),
(13, 'Azerbaijan', 'Western Asia', 'Asia'),
(14, 'Bahamas', 'Caribbean', 'North America'),
(15, 'Bahrain', 'Western Asia', 'Asia'),
(16, 'Bangladesh', 'Southern Asia', 'Asia'),
(17, 'Barbados', 'Caribbean', 'North America'),
(18, 'Belarus', 'Eastern Europe', 'Europe'),
(19, 'Belgium', 'Western Europe', 'Europe'),
(20, 'Belize', 'Central America', 'North America'),
(21, 'Benin', 'Western Africa', 'Africa'),
(22, 'Bermuda', 'Northern America', 'North America'),
(23, 'Bhutan', 'Southern Asia', 'Asia'),
(24, 'Bolivia', 'South America', 'South America'),
(25, 'Bosnia and Herzegovina', 'Southern Europe', 'Europe'),
(26, 'Botswana', 'Southern Africa', 'Africa'),
(27, 'Brazil', 'South America', 'South America'),
(28, 'British Virgin Islands', 'Caribbean', 'North America'),
(29, 'Brunei Darussalam', 'South-eastern Asia', 'Asia'),
(30, 'Bulgaria', 'Eastern Europe', 'Europe'),
(31, 'Burkina Faso', 'Western Africa', 'Africa'),
(32, 'Burundi', 'Eastern Africa', 'Africa'),
(33, 'Cabo Verde', 'Western Africa', 'Africa'),
(34, 'Cambodia', 'South-eastern Asia', 'Asia'),
(35, 'Cameroon', 'Middle Africa', 'Africa'),
(36, 'Canada', 'Northern America', 'North America'),
(37, 'Cayman Islands', 'Caribbean', 'North America'),
(38, 'Central African Republic', 'Middle Africa', 'Africa'),
(39, 'Chad', 'Middle Africa', 'Africa'),
(40, 'Chile', 'South America', 'South America'),
(41, 'China', 'Eastern Asia', 'Asia'),
(42, 'Colombia', 'South America', 'South America'),
(43, 'Comoros', 'Eastern Africa', 'Africa'),
(44, 'Congo', 'Middle Africa', 'Africa'),
(45, 'Costa Rica', 'Central America', 'North America'),
(46, 'Croatia', 'Southern Europe', 'Europe'),
(47, 'Cuba', 'Caribbean', 'North America'),
(48, 'Curasao', 'Caribbean', 'North America'),
(49, 'Cyprus', 'Western Asia', 'Asia'),
(50, 'Czechia', 'Eastern Europe', 'Europe'),
(51, 'Democratic Republic of the Congo', 'Middle Africa', 'Africa'),
(52, 'Denmark', 'Northern Europe', 'Europe'),
(53, 'Djibouti', 'Eastern Africa', 'Africa'),
(54, 'Dominica', 'Caribbean', 'North America'),
(55, 'Dominican Republic', 'Caribbean', 'North America'),
(56, 'Ecuador', 'South America', 'South America'),
(57, 'Egypt', 'Northern Africa', 'Africa'),
(58, 'El Salvador', 'Central America', 'North America'),
(59, 'Equatorial Guinea', 'Middle Africa', 'Africa'),
(60, 'Eritrea', 'Eastern Africa', 'Africa'),
(61, 'Estonia', 'Northern Europe', 'Europe'),
(62, 'Eswatini', 'Southern Africa', 'Africa'),
(63, 'Ethiopia', 'Eastern Africa', 'Africa'),
(64, 'Falkland Islands', 'South America', 'South America'),
(65, 'Faroes', 'Northern Europe', 'Europe'),
(66, 'Federated States of Micronesia', 'Micronesia', 'Oceania'),
(67, 'Fiji', 'Melanesia', 'Oceania'),
(68, 'Finland', 'Northern Europe', 'Europe'),
(69, 'France', 'Western Europe', 'Europe'),
(70, 'French Polynesia', 'Polynesia', 'Oceania'),
(71, 'Gabon', 'Middle Africa', 'Africa'),
(72, 'Gambia', 'Western Africa', 'Africa'),
(73, 'Georgia', 'Western Asia', 'Asia'),
(74, 'Germany', 'Western Europe', 'Europe'),
(75, 'Ghana', 'Western Africa', 'Africa'),
(76, 'Gibraltar', 'Southern Europe', 'Europe'),
(77, 'Greece', 'Southern Europe', 'Europe'),
(78, 'Greenland', 'Northern America', 'North America'),
(79, 'Grenada', 'Caribbean', 'North America'),
(80, 'Guatemala', 'Central America', 'North America'),
(81, 'Guernsey', 'Northern Europe', 'Europe'),
(82, 'Guinea', 'Western Africa', 'Africa'),
(83, 'Guinea-Bissau', 'Western Africa', 'Africa'),
(84, 'Guyana', 'South America', 'South America'),
(85, 'Haiti', 'Caribbean', 'North America'),
(86, 'Holy See', 'Southern Europe', 'Europe'),
(87, 'Honduras', 'Central America', 'North America'),
(88, 'Hungary', 'Eastern Europe', 'Europe'),
(89, 'Iceland', 'Northern Europe', 'Europe'),
(90, 'India', 'Southern Asia', 'Asia'),
(91, 'Indonesia', 'South-eastern Asia', 'Asia'),
(92, 'Iran', 'Southern Asia', 'Asia'),
(93, 'Iraq', 'Western Asia', 'Asia'),
(94, 'Ireland', 'Northern Europe', 'Europe'),
(95, 'Isle of Man', 'Northern Europe', 'Europe'),
(96, 'Israel', 'Western Asia', 'Asia'),
(97, 'Italy', 'Southern Europe', 'Europe'),
(98, 'Ivory Coast', 'Western Africa', 'Africa'),
(99, 'Jamaica', 'Caribbean', 'North America'),
(100, 'Japan', 'Eastern Asia', 'Asia'),
(101, 'Jersey', 'Northern Europe', 'Europe'),
(102, 'Jordan', 'Western Asia', 'Asia'),
(103, 'Kazakhstan', 'Central Asia', 'Asia'),
(104, 'Kenya', 'Eastern Africa', 'Africa'),
(105, 'Kiribati', 'Micronesia', 'Oceania'),
(106, 'Kosovo', 'Eastern Europe', 'Europe'),
(107, 'Kuwait', 'Western Asia', 'Asia'),
(108, 'Kyrgyzstan', 'Central Asia', 'Asia'),
(109, 'Laos', 'South-eastern Asia', 'Asia'),
(110, 'Latvia', 'Northern Europe', 'Europe'),
(111, 'Lebanon', 'Western Asia', 'Asia'),
(112, 'Lesotho', 'Southern Africa', 'Africa'),
(113, 'Liberia', 'Western Africa', 'Africa'),
(114, 'Libya', 'Northern Africa', 'Africa'),
(115, 'Liechtenstein', 'Western Europe', 'Europe'),
(116, 'Lithuania', 'Northern Europe', 'Europe'),
(117, 'Luxembourg', 'Western Europe', 'Europe'),
(118, 'Madagascar', 'Eastern Africa', 'Africa'),
(119, 'Malawi', 'Eastern Africa', 'Africa'),
(120, 'Malaysia', 'South-eastern Asia', 'Asia'),
(121, 'Maldives', 'Southern Asia', 'Asia'),
(122, 'Mali', 'Western Africa', 'Africa'),
(123, 'Malta', 'Southern Europe', 'Europe'),
(124, 'Marshall Islands', 'Micronesia', 'Oceania'),
(125, 'Mauritania', 'Western Africa', 'Africa'),
(126, 'Mauritius', 'Eastern Africa', 'Africa'),
(127, 'Mexico', 'Central America', 'North America'),
(128, 'Moldova', 'Eastern Europe', 'Europe'),
(129, 'Monaco', 'Western Europe', 'Europe'),
(130, 'Mongolia', 'Eastern Asia', 'Asia'),
(131, 'Montenegro', 'Southern Europe', 'Europe'),
(132, 'Montserrat', 'Caribbean', 'North America'),
(133, 'Morocco', 'Northern Africa', 'Africa'),
(134, 'Mozambique', 'Eastern Africa', 'Africa'),
(135, 'Myanmar/Burma', 'South-eastern Asia', 'Asia'),
(136, 'Namibia', 'Southern Africa', 'Africa'),
(137, 'Nauru', 'Micronesia', 'Oceania'),
(138, 'Nepal', 'Southern Asia', 'Asia'),
(139, 'Netherlands', 'Western Europe', 'Europe'),
(140, 'New Caledonia', 'Melanesia', 'Oceania'),
(141, 'New Zealand', 'Australia and New Zealand', 'Oceania'),
(142, 'Nicaragua', 'Central America', 'North America'),
(143, 'Niger', 'Western Africa', 'Africa'),
(144, 'Nigeria', 'Western Africa', 'Africa'),
(145, 'North Korea', 'Eastern Asia', 'Asia'),
(146, 'North Macedonia', 'Southern Europe', 'Europe'),
(147, 'Norway', 'Northern Europe', 'Europe'),
(148, 'Oman', 'Western Asia', 'Asia'),
(149, 'Pakistan', 'Southern Asia', 'Asia'),
(150, 'Palau', 'Micronesia', 'Oceania'),
(151, 'Palestine', 'Western Asia', 'Asia'),
(152, 'Panama', 'Central America', 'North America'),
(153, 'Papua New Guinea', 'Melanesia', 'Oceania'),
(154, 'Paraguay', 'South America', 'South America'),
(155, 'Peru', 'South America', 'South America'),
(156, 'Philippines', 'South-eastern Asia', 'Asia'),
(157, 'Poland', 'Eastern Europe', 'Europe'),
(158, 'Portugal', 'Southern Europe', 'Europe'),
(159, 'Qatar', 'Western Asia', 'Asia'),
(160, 'Romania', 'Eastern Europe', 'Europe'),
(161, 'Russia', 'Eastern Europe', 'Europe'),
(162, 'Rwanda', 'Eastern Africa', 'Africa'),
(163, 'Saint Kitts and Nevis', 'Caribbean', 'North America'),
(164, 'Saint Lucia', 'Caribbean', 'North America'),
(165, 'Saint Pierre and Miquelon', 'Northern America', 'North America'),
(166, 'Saint Tomé and Principe', 'Middle Africa', 'Africa'),
(167, 'Saint Vincent and the Grenadines', 'Caribbean', 'North America'),
(168, 'Samoa', 'Polynesia', 'Oceania'),
(169, 'San Marino', 'Southern Europe', 'Europe'),
(170, 'Saudi Arabia', 'Western Asia', 'Asia'),
(171, 'Senegal', 'Western Africa', 'Africa'),
(172, 'Serbia', 'Southern Europe', 'Europe'),
(173, 'Seychelles', 'Eastern Africa', 'Africa'),
(174, 'Sierra Leone', 'Western Africa', 'Africa'),
(175, 'Singapore', 'South-eastern Asia', 'Asia'),
(176, 'Slovakia', 'Eastern Europe', 'Europe'),
(177, 'Slovenia', 'Southern Europe', 'Europe'),
(178, 'Solomon Islands', 'Melanesia', 'Oceania'),
(179, 'Somalia', 'Eastern Africa', 'Africa'),
(180, 'South Africa', 'Southern Africa', 'Africa'),
(181, 'South Korea', 'Eastern Asia', 'Asia'),
(182, 'South Sudan', 'Eastern Africa', 'Africa'),
(183, 'Spain', 'Southern Europe', 'Europe'),
(184, 'Sri Lanka', 'Southern Asia', 'Asia'),
(185, 'Sudan', 'Northern Africa', 'Africa'),
(186, 'Suriname', 'South America', 'South America'),
(187, 'Sweden', 'Northern Europe', 'Europe'),
(188, 'Switzerland', 'Western Europe', 'Europe'),
(189, 'Syria', 'Western Asia', 'Asia'),
(190, 'Taiwan', 'Eastern Asia', 'Asia'),
(191, 'Tajikistan', 'Central Asia', 'Asia'),
(192, 'Tanzania', 'Eastern Africa', 'Africa'),
(193, 'Thailand', 'South-eastern Asia', 'Asia'),
(194, 'Timor-Leste', 'South-eastern Asia', 'Asia'),
(195, 'Togo', 'Western Africa', 'Africa'),
(196, 'Tonga', 'Polynesia', 'Oceania'),
(197, 'Trinidad and Tobago', 'Caribbean', 'North America'),
(198, 'Tunisia', 'Northern Africa', 'Africa'),
(199, 'Turkey', 'Western Asia', 'Asia'),
(200, 'Turkmenistan', 'Central Asia', 'Asia'),
(201, 'Turks and Caicos Islands', 'Caribbean', 'North America'),
(202, 'Tuvalu', 'Polynesia', 'Oceania'),
(203, 'Uganda', 'Eastern Africa', 'Africa'),
(204, 'Ukraine', 'Eastern Europe', 'Europe'),
(205, 'United Arab Emirates', 'Western Asia', 'Asia'),
(206, 'United Kingdom', 'Northern Europe', 'Europe'),
(207, 'United States', 'Northern America', 'North America'),
(208, 'Uruguay', 'South America', 'South America'),
(209, 'Uzbekistan', 'Central Asia', 'Asia'),
(210, 'Vanuatu', 'Melanesia', 'Oceania'),
(211, 'Venezuela', 'South America', 'South America'),
(212, 'Vietnam', 'Unknown', 'Unknown'),
(213, 'Wallis and Futuna', 'Polynesia', 'Oceania'),
(214, 'Western Sahara', 'Northern Africa', 'Africa'),
(215, 'Yemen', 'Western Asia', 'Asia'),
(216, 'Zambia', 'Eastern Africa', 'Africa'),
(217, 'Zimbabwe', 'Eastern Africa', 'Africa');
INSERT INTO dim_regioni_italia (id_regione, nome_regione, macroarea) VALUES
(1, 'Piemonte', 'Nord'),
(2, 'Valle d''Aosta', 'Nord'),
(3, 'Liguria', 'Nord'),
(4, 'Lombardia', 'Nord'),
(5, 'Trentino Alto Adige', 'Nord'),
(6, 'Veneto', 'Nord'),
(7, 'Friuli Venezia Giulia', 'Nord'),
(8, 'Emilia Romagna', 'Nord'),
(9, 'Toscana', 'Centro'),
(10, 'Umbria', 'Centro'),
(11, 'Marche', 'Centro'),
(12, 'Lazio', 'Centro'),
(13, 'Abruzzo', 'Sud'),
(14, 'Molise', 'Sud'),
(15, 'Campania', 'Sud'),
(16, 'Puglia', 'Sud'),
(17, 'Basilicata', 'Sud'),
(18, 'Calabria', 'Sud'),
(19, 'Sardegna', 'Isole'),
(20, 'Sicilia', 'Isole');
INSERT INTO fact_flussi_migratori (anno, id_paese, id_sesso, Num_Migranti) VALUES
(2020, 1, 'F', 128),
(2015, 1, 'F', 131),
(2018, 1, 'F', 135),
(2016, 1, 'F', 160),
(2019, 1, 'F', 172),
(2017, 1, 'F', 188),
(2024, 1, 'F', 514),
(2023, 1, 'F', 747),
(2021, 1, 'F', 866),
(2020, 1, 'M', 903),
(2019, 1, 'M', 1081),
(2018, 1, 'M', 1085),
(2024, 1, 'M', 1357),
(2022, 1, 'F', 1434),
(2023, 1, 'M', 1611),
(2017, 1, 'M', 1983),
(2021, 1, 'M', 2139),
(2015, 1, 'M', 2215),
(2022, 1, 'M', 2552),
(2016, 1, 'M', 2996),
(2015, 2, 'M', 4930),
(2016, 2, 'M', 5756),
(2015, 2, 'F', 6625),
(2016, 2, 'F', 7223),
(2017, 2, 'M', 7277),
(2017, 2, 'F', 8272),
(2020, 2, 'M', 8571),
(2018, 2, 'M', 8630),
(2020, 2, 'F', 8753),
(2018, 2, 'F', 9434),
(2021, 2, 'M', 11386),
(2021, 2, 'F', 11792),
(2019, 2, 'F', 12450),
(2024, 2, 'F', 13098),
(2019, 2, 'M', 13324),
(2022, 2, 'F', 14134),
(2023, 2, 'F', 14280),
(2024, 2, 'M', 14708),
(2022, 2, 'M', 15325),
(2023, 2, 'M', 15917),
(2020, 3, 'F', 189),
(2021, 3, 'F', 298),
(2015, 3, 'F', 300),
(2020, 3, 'M', 322),
(2016, 3, 'F', 328),
(2018, 3, 'F', 345),
(2017, 3, 'F', 353),
(2022, 3, 'F', 361),
(2019, 3, 'F', 386),
(2018, 3, 'M', 404),
(2017, 3, 'M', 409),
(2024, 3, 'F', 449),
(2016, 3, 'M', 451),
(2019, 3, 'M', 463),
(2021, 3, 'M', 470),
(2023, 3, 'F', 504),
(2015, 3, 'M', 617),
(2022, 3, 'M', 848),
(2024, 3, 'M', 1062),
(2023, 3, 'M', 1195),
(2017, 4, 'M', 0),
(2017, 4, 'F', 1),
(2015, 4, 'M', 1),
(2015, 4, 'F', 2),
(2016, 4, 'F', 2),
(2019, 4, 'F', 2),
(2022, 4, 'F', 2),
(2018, 4, 'F', 3),
(2020, 4, 'F', 3),
(2016, 4, 'M', 3),
(2019, 4, 'M', 4),
(2023, 4, 'F', 5),
(2018, 4, 'M', 5),
(2024, 4, 'F', 6),
(2020, 4, 'M', 6),
(2021, 4, 'M', 6),
(2022, 4, 'M', 7),
(2021, 4, 'F', 9),
(2024, 4, 'M', 9),
(2023, 4, 'M', 11),
(2020, 5, 'F', 25),
(2021, 5, 'F', 31),
(2024, 5, 'M', 32),
(2021, 5, 'M', 43),
(2018, 5, 'F', 44),
(2022, 5, 'F', 46),
(2017, 5, 'F', 47),
(2018, 5, 'M', 47),
(2023, 5, 'M', 47),
(2024, 5, 'F', 48),
(2020, 5, 'M', 48),
(2022, 5, 'M', 48),
(2019, 5, 'F', 49),
(2016, 5, 'F', 51),
(2016, 5, 'M', 54),
(2015, 5, 'F', 55),
(2015, 5, 'M', 57),
(2023, 5, 'F', 59),
(2017, 5, 'M', 60),
(2019, 5, 'M', 65),
(2015, 6, 'F', 0),
(2016, 6, 'F', 0),
(2017, 6, 'F', 0),
(2018, 6, 'F', 0),
(2019, 6, 'F', 0),
(2020, 6, 'F', 0),
(2021, 6, 'F', 0),
(2022, 6, 'F', 0),
(2023, 6, 'F', 0),
(2024, 6, 'F', 0),
(2015, 6, 'M', 0),
(2016, 6, 'M', 0),
(2017, 6, 'M', 0),
(2018, 6, 'M', 0),
(2019, 6, 'M', 0),
(2020, 6, 'M', 0),
(2021, 6, 'M', 0),
(2022, 6, 'M', 0),
(2023, 6, 'M', 0),
(2024, 6, 'M', 0),
(2017, 7, 'F', 0),
(2015, 7, 'M', 0),
(2016, 7, 'F', 1),
(2019, 7, 'F', 1),
(2021, 7, 'F', 1),
(2017, 7, 'M', 1),
(2015, 7, 'F', 2),
(2024, 7, 'F', 2),
(2020, 7, 'F', 3),
(2018, 7, 'M', 3),
(2018, 7, 'F', 4),
(2019, 7, 'M', 4),
(2022, 7, 'F', 5),
(2016, 7, 'M', 5),
(2024, 7, 'M', 5),
(2020, 7, 'M', 6),
(2023, 7, 'F', 7),
(2021, 7, 'M', 7),
(2023, 7, 'M', 7),
(2022, 7, 'M', 13),
(2015, 8, 'F', 793),
(2015, 8, 'M', 826),
(2016, 8, 'F', 944),
(2016, 8, 'M', 956),
(2017, 8, 'F', 1193),
(2017, 8, 'M', 1253),
(2018, 8, 'F', 1683),
(2020, 8, 'F', 1718),
(2020, 8, 'M', 1727),
(2018, 8, 'M', 1846),
(2019, 8, 'F', 3227),
(2019, 8, 'M', 3671),
(2021, 8, 'F', 4148),
(2021, 8, 'M', 4508),
(2022, 8, 'F', 9082),
(2022, 8, 'M', 9460),
(2023, 8, 'F', 9858),
(2024, 8, 'F', 9874),
(2024, 8, 'M', 10069),
(2023, 8, 'M', 10334),
(2019, 9, 'M', 45),
(2016, 9, 'M', 49),
(2024, 9, 'M', 50),
(2020, 9, 'M', 54),
(2015, 9, 'M', 58),
(2021, 9, 'F', 61),
(2017, 9, 'M', 61),
(2020, 9, 'F', 66),
(2024, 9, 'F', 69),
(2016, 9, 'F', 71),
(2023, 9, 'F', 73),
(2015, 9, 'F', 76),
(2018, 9, 'M', 78),
(2023, 9, 'M', 81),
(2018, 9, 'F', 82),
(2019, 9, 'F', 84),
(2022, 9, 'F', 84),
(2017, 9, 'F', 98),
(2022, 9, 'M', 99),
(2021, 9, 'M', 114),
(2015, 10, 'F', 0),
(2016, 10, 'F', 0),
(2017, 10, 'F', 0),
(2018, 10, 'F', 0),
(2019, 10, 'F', 0),
(2020, 10, 'F', 0),
(2021, 10, 'F', 0),
(2022, 10, 'F', 0),
(2023, 10, 'F', 0),
(2024, 10, 'F', 0),
(2015, 10, 'M', 0),
(2016, 10, 'M', 0),
(2017, 10, 'M', 0),
(2018, 10, 'M', 0),
(2019, 10, 'M', 0),
(2020, 10, 'M', 0),
(2021, 10, 'M', 0),
(2022, 10, 'M', 0),
(2023, 10, 'M', 0),
(2024, 10, 'M', 0),
(2015, 11, 'F', 330),
(2015, 11, 'M', 364),
(2016, 11, 'F', 388),
(2017, 11, 'F', 414),
(2016, 11, 'M', 448),
(2019, 11, 'F', 450),
(2017, 11, 'M', 450),
(2018, 11, 'F', 461),
(2020, 11, 'F', 497),
(2021, 11, 'F', 498),
(2019, 11, 'M', 556),
(2018, 11, 'M', 557),
(2021, 11, 'M', 604),
(2020, 11, 'M', 676),
(2023, 11, 'F', 685),
(2022, 11, 'F', 735),
(2024, 11, 'F', 762),
(2023, 11, 'M', 808),
(2024, 11, 'M', 939),
(2022, 11, 'M', 951),
(2015, 12, 'M', 267),
(2015, 12, 'F', 310),
(2016, 12, 'F', 331),
(2017, 12, 'M', 361),
(2016, 12, 'M', 369),
(2017, 12, 'F', 407),
(2019, 12, 'M', 429),
(2019, 12, 'F', 444),
(2018, 12, 'F', 447),
(2018, 12, 'M', 448),
(2020, 12, 'F', 521),
(2024, 12, 'F', 544),
(2020, 12, 'M', 566),
(2021, 12, 'F', 635),
(2024, 12, 'M', 663),
(2021, 12, 'M', 669),
(2023, 12, 'F', 691),
(2023, 12, 'M', 703),
(2022, 12, 'F', 706),
(2022, 12, 'M', 732),
(2017, 13, 'F', 21),
(2015, 13, 'M', 25),
(2015, 13, 'F', 27),
(2016, 13, 'M', 28),
(2016, 13, 'F', 33),
(2017, 13, 'M', 37),
(2019, 13, 'F', 55),
(2018, 13, 'F', 56),
(2018, 13, 'M', 57),
(2024, 13, 'F', 63),
(2022, 13, 'F', 70),
(2023, 13, 'F', 70),
(2023, 13, 'M', 76),
(2022, 13, 'M', 79),
(2024, 13, 'M', 82),
(2021, 13, 'F', 86),
(2020, 13, 'F', 94),
(2019, 13, 'M', 107),
(2020, 13, 'M', 116),
(2021, 13, 'M', 136),
(2015, 14, 'F', 1),
(2018, 14, 'F', 1),
(2022, 14, 'F', 1),
(2016, 14, 'F', 2),
(2019, 14, 'F', 3),
(2015, 14, 'M', 3),
(2019, 14, 'M', 3),
(2021, 14, 'F', 4),
(2017, 14, 'M', 4),
(2018, 14, 'M', 4),
(2021, 14, 'M', 4),
(2020, 14, 'F', 5),
(2023, 14, 'M', 5),
(2024, 14, 'M', 5),
(2017, 14, 'F', 6),
(2016, 14, 'M', 6),
(2023, 14, 'F', 7),
(2024, 14, 'F', 8),
(2020, 14, 'M', 9),
(2022, 14, 'M', 10),
(2019, 15, 'F', 4),
(2015, 15, 'F', 5),
(2017, 15, 'F', 7),
(2017, 15, 'M', 8),
(2015, 15, 'M', 10),
(2018, 15, 'M', 10),
(2018, 15, 'F', 14),
(2020, 15, 'F', 14),
(2022, 15, 'F', 14),
(2019, 15, 'M', 14),
(2021, 15, 'M', 16),
(2021, 15, 'F', 18),
(2023, 15, 'F', 19),
(2016, 15, 'M', 19),
(2020, 15, 'M', 19),
(2024, 15, 'F', 20),
(2016, 15, 'F', 22),
(2023, 15, 'M', 23),
(2024, 15, 'M', 27),
(2022, 15, 'M', 31),
(2016, 16, 'F', 2055),
(2017, 16, 'F', 2686),
(2015, 16, 'F', 2703),
(2020, 16, 'F', 3140),
(2018, 16, 'F', 3463),
(2024, 16, 'F', 4138),
(2021, 16, 'F', 4244),
(2020, 16, 'M', 4662),
(2022, 16, 'F', 4690),
(2023, 16, 'F', 5071),
(2019, 16, 'F', 6054),
(2019, 16, 'M', 6868),
(2016, 16, 'M', 8714),
(2015, 16, 'M', 9736),
(2018, 16, 'M', 9971),
(2021, 16, 'M', 10944),
(2017, 16, 'M', 11925),
(2022, 16, 'M', 16406),
(2023, 16, 'M', 20906),
(2024, 16, 'M', 26617),
(2021, 17, 'F', 0),
(2020, 17, 'M', 0),
(2023, 17, 'M', 0),
(2015, 17, 'F', 1),
(2017, 17, 'F', 1),
(2018, 17, 'F', 1),
(2019, 17, 'F', 1),
(2015, 17, 'M', 1),
(2016, 17, 'M', 1),
(2017, 17, 'M', 1),
(2022, 17, 'M', 1),
(2024, 17, 'M', 1),
(2016, 17, 'F', 2),
(2022, 17, 'F', 2),
(2023, 17, 'F', 2),
(2021, 17, 'M', 2),
(2020, 17, 'F', 4),
(2024, 17, 'F', 4),
(2018, 17, 'M', 4),
(2019, 17, 'M', 4),
(2016, 18, 'M', 123),
(2020, 18, 'M', 129),
(2015, 18, 'M', 141),
(2017, 18, 'M', 147),
(2021, 18, 'M', 152),
(2018, 18, 'M', 174),
(2024, 18, 'M', 187),
(2019, 18, 'M', 201),
(2022, 18, 'M', 207),
(2023, 18, 'M', 276),
(2020, 18, 'F', 340),
(2016, 18, 'F', 392),
(2015, 18, 'F', 420),
(2017, 18, 'F', 423),
(2024, 18, 'F', 432),
(2018, 18, 'F', 434),
(2021, 18, 'F', 448),
(2022, 18, 'F', 540),
(2023, 18, 'F', 543),
(2019, 18, 'F', 544),
(2019, 19, 'F', 493),
(2015, 19, 'F', 527),
(2015, 19, 'M', 554),
(2016, 19, 'F', 572),
(2017, 19, 'F', 573),
(2017, 19, 'M', 575),
(2018, 19, 'F', 600),
(2016, 19, 'M', 619),
(2018, 19, 'M', 665),
(2019, 19, 'M', 686),
(2020, 19, 'M', 819),
(2024, 19, 'F', 823),
(2020, 19, 'F', 827),
(2023, 19, 'F', 839),
(2022, 19, 'F', 889),
(2021, 19, 'F', 900),
(2024, 19, 'M', 927),
(2021, 19, 'M', 1030),
(2023, 19, 'M', 1081),
(2022, 19, 'M', 1100),
(2016, 20, 'F', 0),
(2017, 20, 'F', 0),
(2019, 20, 'F', 0),
(2020, 20, 'F', 0),
(2023, 20, 'F', 0),
(2019, 20, 'M', 0),
(2015, 20, 'F', 1),
(2015, 20, 'M', 1),
(2017, 20, 'M', 1),
(2022, 20, 'M', 1),
(2024, 20, 'M', 1),
(2018, 20, 'F', 2),
(2021, 20, 'F', 2),
(2016, 20, 'M', 2),
(2018, 20, 'M', 2),
(2020, 20, 'M', 2),
(2023, 20, 'M', 2),
(2022, 20, 'F', 3),
(2024, 20, 'F', 5),
(2021, 20, 'M', 6),
(2020, 21, 'F', 46),
(2021, 21, 'F', 50),
(2015, 21, 'F', 51),
(2022, 21, 'F', 52),
(2018, 21, 'F', 60),
(2017, 21, 'F', 62),
(2023, 21, 'F', 71),
(2019, 21, 'F', 78),
(2016, 21, 'F', 82),
(2020, 21, 'M', 89),
(2021, 21, 'M', 97),
(2024, 21, 'F', 102),
(2019, 21, 'M', 105),
(2015, 21, 'M', 107),
(2022, 21, 'M', 119),
(2018, 21, 'M', 158),
(2016, 21, 'M', 223),
(2017, 21, 'M', 232),
(2023, 21, 'M', 270),
(2024, 21, 'M', 710),
(2015, 22, 'F', 0),
(2016, 22, 'F', 0),
(2017, 22, 'F', 0),
(2018, 22, 'F', 0),
(2019, 22, 'F', 0),
(2020, 22, 'F', 0),
(2021, 22, 'F', 0),
(2022, 22, 'F', 0),
(2023, 22, 'F', 0),
(2024, 22, 'F', 0),
(2015, 22, 'M', 0),
(2016, 22, 'M', 0),
(2017, 22, 'M', 0),
(2018, 22, 'M', 0),
(2019, 22, 'M', 0),
(2020, 22, 'M', 0),
(2021, 22, 'M', 0),
(2022, 22, 'M', 0),
(2023, 22, 'M', 0),
(2024, 22, 'M', 0),
(2015, 23, 'F', 0),
(2016, 23, 'F', 0),
(2020, 23, 'F', 0),
(2022, 23, 'F', 0),
(2023, 23, 'F', 0),
(2024, 23, 'F', 0),
(2015, 23, 'M', 0),
(2020, 23, 'M', 0),
(2022, 23, 'M', 0),
(2023, 23, 'M', 0),
(2017, 23, 'F', 1),
(2018, 23, 'F', 1),
(2017, 23, 'M', 1),
(2019, 23, 'M', 1),
(2024, 23, 'M', 1),
(2016, 23, 'M', 2),
(2018, 23, 'M', 2),
(2019, 23, 'F', 3),
(2021, 23, 'F', 3),
(2021, 23, 'M', 6),
(2024, 24, 'M', 120),
(2016, 24, 'M', 130),
(2023, 24, 'M', 131),
(2020, 24, 'M', 146),
(2022, 24, 'M', 150),
(2020, 24, 'F', 152),
(2024, 24, 'F', 158),
(2017, 24, 'M', 160),
(2021, 24, 'M', 160),
(2019, 24, 'M', 161),
(2016, 24, 'F', 170),
(2015, 24, 'M', 170),
(2018, 24, 'F', 179),
(2018, 24, 'M', 180),
(2017, 24, 'F', 185),
(2019, 24, 'F', 186),
(2023, 24, 'F', 195),
(2015, 24, 'F', 200),
(2021, 24, 'F', 204),
(2022, 24, 'F', 239),
(2020, 25, 'M', 151),
(2023, 25, 'M', 178),
(2021, 25, 'M', 196),
(2020, 25, 'F', 201),
(2024, 25, 'F', 207),
(2016, 25, 'M', 211),
(2024, 25, 'M', 215),
(2017, 25, 'M', 224),
(2023, 25, 'F', 238),
(2022, 25, 'M', 240),
(2018, 25, 'M', 241),
(2015, 25, 'M', 247),
(2017, 25, 'F', 248),
(2019, 25, 'M', 250),
(2022, 25, 'F', 252),
(2016, 25, 'F', 255),
(2021, 25, 'F', 259),
(2015, 25, 'F', 264),
(2019, 25, 'F', 292),
(2018, 25, 'F', 301);
INSERT INTO fact_flussi_migratori (anno, id_paese, id_sesso, Num_Migranti) VALUES
(2022, 26, 'M', 0),
(2015, 26, 'F', 1),
(2016, 26, 'F', 1),
(2017, 26, 'F', 1),
(2020, 26, 'F', 1),
(2015, 26, 'M', 1),
(2017, 26, 'M', 2),
(2018, 26, 'M', 2),
(2019, 26, 'M', 2),
(2022, 26, 'F', 3),
(2023, 26, 'F', 3),
(2020, 26, 'M', 3),
(2018, 26, 'F', 4),
(2019, 26, 'F', 4),
(2021, 26, 'F', 5),
(2024, 26, 'F', 5),
(2023, 26, 'M', 5),
(2016, 26, 'M', 6),
(2024, 26, 'M', 6),
(2021, 26, 'M', 9),
(2021, 27, 'M', 4733),
(2015, 27, 'F', 4830),
(2015, 27, 'M', 4851),
(2020, 27, 'M', 5129),
(2021, 27, 'F', 5354),
(2020, 27, 'F', 5540),
(2016, 27, 'F', 7292),
(2016, 27, 'M', 7811),
(2024, 27, 'M', 8807),
(2023, 27, 'M', 8912),
(2024, 27, 'F', 9058),
(2022, 27, 'M', 9207),
(2022, 27, 'F', 9221),
(2023, 27, 'F', 9275),
(2017, 27, 'F', 9757),
(2017, 27, 'M', 10480),
(2018, 27, 'F', 11623),
(2018, 27, 'M', 12285),
(2019, 27, 'F', 14210),
(2019, 27, 'M', 15335),
(2015, 28, 'F', 0),
(2016, 28, 'F', 0),
(2017, 28, 'F', 0),
(2018, 28, 'F', 0),
(2019, 28, 'F', 0),
(2020, 28, 'F', 0),
(2021, 28, 'F', 0),
(2022, 28, 'F', 0),
(2023, 28, 'F', 0),
(2024, 28, 'F', 0),
(2015, 28, 'M', 0),
(2016, 28, 'M', 0),
(2017, 28, 'M', 0),
(2018, 28, 'M', 0),
(2019, 28, 'M', 0),
(2020, 28, 'M', 0),
(2021, 28, 'M', 0),
(2022, 28, 'M', 0),
(2023, 28, 'M', 0),
(2024, 28, 'M', 0),
(2015, 29, 'F', 0),
(2016, 29, 'F', 0),
(2019, 29, 'F', 0),
(2020, 29, 'F', 0),
(2024, 29, 'F', 0),
(2015, 29, 'M', 0),
(2016, 29, 'M', 0),
(2019, 29, 'M', 0),
(2021, 29, 'M', 0),
(2017, 29, 'F', 1),
(2021, 29, 'F', 1),
(2018, 29, 'M', 1),
(2020, 29, 'M', 1),
(2024, 29, 'M', 1),
(2022, 29, 'F', 2),
(2017, 29, 'M', 2),
(2023, 29, 'M', 2),
(2018, 29, 'F', 3),
(2023, 29, 'F', 3),
(2022, 29, 'M', 3),
(2024, 30, 'M', 686),
(2020, 30, 'M', 805),
(2023, 30, 'M', 810),
(2024, 30, 'F', 828),
(2023, 30, 'F', 956),
(2022, 30, 'M', 956),
(2015, 30, 'M', 997),
(2017, 30, 'M', 1011),
(2021, 30, 'M', 1016),
(2016, 30, 'M', 1044),
(2019, 30, 'M', 1066),
(2018, 30, 'M', 1068),
(2022, 30, 'F', 1126),
(2020, 30, 'F', 1166),
(2021, 30, 'F', 1304),
(2018, 30, 'F', 1432),
(2017, 30, 'F', 1554),
(2019, 30, 'F', 1599),
(2016, 30, 'F', 1722),
(2015, 30, 'F', 1801),
(2020, 31, 'F', 118),
(2015, 31, 'F', 150),
(2016, 31, 'F', 152),
(2017, 31, 'F', 161),
(2018, 31, 'F', 199),
(2019, 31, 'F', 228),
(2022, 31, 'F', 255),
(2021, 31, 'F', 296),
(2023, 31, 'F', 362),
(2019, 31, 'M', 373),
(2020, 31, 'M', 388),
(2024, 31, 'F', 440),
(2015, 31, 'M', 464),
(2021, 31, 'M', 530),
(2016, 31, 'M', 650),
(2022, 31, 'M', 670),
(2018, 31, 'M', 725),
(2017, 31, 'M', 906),
(2023, 31, 'M', 2980),
(2024, 31, 'M', 6244),
(2020, 32, 'M', 19),
(2023, 32, 'M', 26),
(2020, 32, 'F', 27),
(2021, 32, 'M', 28),
(2016, 32, 'M', 30),
(2015, 32, 'F', 31),
(2017, 32, 'M', 35),
(2024, 32, 'M', 35),
(2018, 32, 'M', 36),
(2019, 32, 'M', 36),
(2021, 32, 'F', 39),
(2015, 32, 'M', 39),
(2016, 32, 'F', 42),
(2022, 32, 'M', 43),
(2022, 32, 'F', 44),
(2024, 32, 'F', 44),
(2017, 32, 'F', 47),
(2023, 32, 'F', 56),
(2018, 32, 'F', 58),
(2019, 32, 'F', 77),
(2020, 33, 'F', 35),
(2020, 33, 'M', 35),
(2021, 33, 'M', 46),
(2018, 33, 'F', 47),
(2019, 33, 'F', 47),
(2018, 33, 'M', 49),
(2023, 33, 'F', 50),
(2023, 33, 'M', 50),
(2021, 33, 'F', 51),
(2024, 33, 'F', 51),
(2015, 33, 'M', 51),
(2017, 33, 'F', 53),
(2016, 33, 'M', 60),
(2024, 33, 'M', 60),
(2015, 33, 'F', 61),
(2022, 33, 'M', 64),
(2016, 33, 'F', 67),
(2022, 33, 'F', 68),
(2017, 33, 'M', 71),
(2019, 33, 'M', 88),
(2019, 34, 'M', 6),
(2020, 34, 'F', 10),
(2022, 34, 'F', 10),
(2020, 34, 'M', 10),
(2015, 34, 'M', 11),
(2016, 34, 'M', 11),
(2017, 34, 'M', 11),
(2023, 34, 'F', 13),
(2022, 34, 'M', 13),
(2016, 34, 'F', 14),
(2024, 34, 'M', 15),
(2021, 34, 'M', 17),
(2017, 34, 'F', 18),
(2024, 34, 'F', 18),
(2018, 34, 'M', 18),
(2019, 34, 'F', 19),
(2023, 34, 'M', 19),
(2021, 34, 'F', 21),
(2018, 34, 'F', 22),
(2015, 34, 'F', 26),
(2020, 35, 'F', 300),
(2021, 35, 'F', 382),
(2020, 35, 'M', 402),
(2015, 35, 'M', 416),
(2015, 35, 'F', 427),
(2021, 35, 'M', 491),
(2022, 35, 'F', 500),
(2019, 35, 'F', 526),
(2016, 35, 'F', 541),
(2022, 35, 'M', 565),
(2019, 35, 'M', 624),
(2018, 35, 'F', 678),
(2016, 35, 'M', 735),
(2017, 35, 'F', 795),
(2023, 35, 'F', 800),
(2018, 35, 'M', 1056),
(2024, 35, 'F', 1071),
(2017, 35, 'M', 1240),
(2023, 35, 'M', 1373),
(2024, 35, 'M', 1800),
(2017, 36, 'F', 275),
(2016, 36, 'F', 286),
(2017, 36, 'M', 286),
(2015, 36, 'F', 299),
(2020, 36, 'F', 302),
(2016, 36, 'M', 309),
(2018, 36, 'F', 328),
(2018, 36, 'M', 330),
(2019, 36, 'F', 331),
(2020, 36, 'M', 341),
(2019, 36, 'M', 350),
(2015, 36, 'M', 372),
(2021, 36, 'F', 468),
(2021, 36, 'M', 480),
(2023, 36, 'F', 500),
(2022, 36, 'F', 527),
(2023, 36, 'M', 606),
(2022, 36, 'M', 617),
(2024, 36, 'F', 657),
(2024, 36, 'M', 662),
(2015, 37, 'F', 0),
(2016, 37, 'F', 0),
(2017, 37, 'F', 0),
(2018, 37, 'F', 0),
(2019, 37, 'F', 0),
(2020, 37, 'F', 0),
(2021, 37, 'F', 0),
(2022, 37, 'F', 0),
(2023, 37, 'F', 0),
(2024, 37, 'F', 0),
(2015, 37, 'M', 0),
(2016, 37, 'M', 0),
(2017, 37, 'M', 0),
(2018, 37, 'M', 0),
(2019, 37, 'M', 0),
(2020, 37, 'M', 0),
(2021, 37, 'M', 0),
(2022, 37, 'M', 0),
(2023, 37, 'M', 0),
(2024, 37, 'M', 0),
(2018, 38, 'F', 4),
(2015, 38, 'F', 7),
(2020, 38, 'F', 9),
(2021, 38, 'F', 10),
(2019, 38, 'F', 11),
(2017, 38, 'F', 15),
(2022, 38, 'F', 15),
(2019, 38, 'M', 15),
(2023, 38, 'F', 16),
(2016, 38, 'F', 17),
(2024, 38, 'F', 23),
(2016, 38, 'M', 23),
(2020, 38, 'M', 24),
(2023, 38, 'M', 27),
(2022, 38, 'M', 28),
(2021, 38, 'M', 32),
(2017, 38, 'M', 38),
(2018, 38, 'M', 38),
(2015, 38, 'M', 49),
(2024, 38, 'M', 51),
(2020, 39, 'F', 3),
(2017, 39, 'F', 4),
(2018, 39, 'F', 7),
(2016, 39, 'F', 8),
(2015, 39, 'F', 9),
(2019, 39, 'F', 9),
(2023, 39, 'F', 11),
(2024, 39, 'F', 11),
(2021, 39, 'F', 12),
(2019, 39, 'M', 13),
(2022, 39, 'F', 19),
(2015, 39, 'M', 22),
(2020, 39, 'M', 25),
(2023, 39, 'M', 30),
(2022, 39, 'M', 38),
(2024, 39, 'M', 39),
(2021, 39, 'M', 42),
(2016, 39, 'M', 45),
(2018, 39, 'M', 52),
(2017, 39, 'M', 78),
(2015, 40, 'M', 167),
(2018, 40, 'M', 174),
(2018, 40, 'F', 181),
(2016, 40, 'F', 182),
(2017, 40, 'F', 193),
(2017, 40, 'M', 193),
(2019, 40, 'F', 197),
(2015, 40, 'F', 202),
(2016, 40, 'M', 204),
(2019, 40, 'M', 221),
(2020, 40, 'F', 222),
(2020, 40, 'M', 267),
(2021, 40, 'F', 323),
(2021, 40, 'M', 358),
(2022, 40, 'F', 394),
(2022, 40, 'M', 397),
(2024, 40, 'F', 411),
(2024, 40, 'M', 418),
(2023, 40, 'F', 428),
(2023, 40, 'M', 446),
(2020, 41, 'M', 2934),
(2020, 41, 'F', 3071),
(2021, 41, 'M', 3443),
(2024, 41, 'M', 3698),
(2021, 41, 'F', 3708),
(2024, 41, 'F', 3914),
(2023, 41, 'M', 4251),
(2023, 41, 'F', 4495),
(2022, 41, 'F', 4593),
(2022, 41, 'M', 4676),
(2018, 41, 'M', 5257),
(2018, 41, 'F', 5409),
(2019, 41, 'M', 5707),
(2017, 41, 'M', 5710),
(2019, 41, 'F', 6087),
(2017, 41, 'F', 6231),
(2016, 41, 'M', 6369),
(2016, 41, 'F', 6741),
(2015, 41, 'F', 7715),
(2015, 41, 'M', 7766),
(2015, 42, 'M', 457),
(2016, 42, 'M', 491),
(2015, 42, 'F', 519),
(2017, 42, 'M', 568),
(2016, 42, 'F', 587),
(2018, 42, 'M', 692),
(2017, 42, 'F', 734),
(2020, 42, 'M', 745),
(2018, 42, 'F', 874),
(2019, 42, 'M', 876),
(2020, 42, 'F', 983),
(2021, 42, 'M', 1072),
(2019, 42, 'F', 1127),
(2021, 42, 'F', 1325),
(2022, 42, 'M', 1361),
(2022, 42, 'F', 1712),
(2023, 42, 'M', 1808),
(2023, 42, 'F', 2078),
(2024, 42, 'M', 2117),
(2024, 42, 'F', 2490),
(2015, 43, 'F', 0),
(2016, 43, 'F', 0),
(2018, 43, 'F', 0),
(2020, 43, 'F', 0),
(2022, 43, 'F', 0),
(2023, 43, 'F', 0),
(2024, 43, 'F', 0),
(2015, 43, 'M', 0),
(2019, 43, 'M', 0),
(2020, 43, 'M', 0),
(2022, 43, 'M', 0),
(2023, 43, 'M', 0),
(2017, 43, 'F', 1),
(2021, 43, 'F', 1),
(2016, 43, 'M', 1),
(2017, 43, 'M', 1),
(2018, 43, 'M', 1),
(2024, 43, 'M', 1),
(2019, 43, 'F', 2),
(2021, 43, 'M', 2),
(2020, 44, 'F', 72),
(2021, 44, 'F', 91),
(2022, 44, 'F', 104),
(2015, 44, 'F', 120),
(2017, 44, 'F', 123),
(2018, 44, 'F', 124),
(2019, 44, 'M', 124),
(2021, 44, 'M', 129),
(2020, 44, 'M', 131),
(2019, 44, 'F', 133),
(2018, 44, 'M', 136),
(2022, 44, 'M', 140),
(2015, 44, 'M', 145),
(2023, 44, 'F', 156),
(2016, 44, 'F', 161),
(2016, 44, 'M', 168),
(2017, 44, 'M', 168),
(2023, 44, 'M', 185),
(2024, 44, 'F', 195),
(2024, 44, 'M', 199),
(2019, 45, 'F', 69),
(2017, 45, 'M', 78),
(2015, 45, 'M', 80),
(2017, 45, 'F', 82),
(2016, 45, 'F', 84),
(2015, 45, 'F', 87),
(2022, 45, 'F', 89),
(2016, 45, 'M', 89),
(2020, 45, 'M', 89),
(2024, 45, 'M', 90),
(2019, 45, 'M', 92),
(2021, 45, 'F', 95),
(2023, 45, 'F', 98),
(2023, 45, 'M', 98),
(2021, 45, 'M', 99),
(2020, 45, 'F', 101),
(2018, 45, 'F', 102),
(2018, 45, 'M', 105),
(2024, 45, 'F', 110),
(2022, 45, 'M', 126),
(2024, 46, 'F', 240),
(2024, 46, 'M', 250),
(2023, 46, 'F', 267),
(2020, 46, 'F', 290),
(2021, 46, 'F', 307),
(2018, 46, 'F', 309),
(2023, 46, 'M', 312),
(2022, 46, 'F', 315),
(2021, 46, 'M', 316),
(2019, 46, 'F', 323),
(2016, 46, 'F', 325),
(2015, 46, 'F', 330),
(2020, 46, 'M', 330),
(2022, 46, 'M', 330),
(2017, 46, 'F', 339),
(2018, 46, 'M', 359),
(2015, 46, 'M', 375),
(2017, 46, 'M', 388),
(2016, 46, 'M', 399),
(2019, 46, 'M', 437),
(2015, 47, 'M', 572),
(2016, 47, 'M', 578),
(2020, 47, 'M', 605),
(2017, 47, 'M', 637),
(2018, 47, 'M', 729),
(2021, 47, 'M', 785),
(2022, 47, 'M', 888),
(2020, 47, 'F', 905),
(2019, 47, 'M', 935),
(2023, 47, 'M', 1053),
(2024, 47, 'M', 1131),
(2016, 47, 'F', 1235),
(2017, 47, 'F', 1264),
(2021, 47, 'F', 1267),
(2018, 47, 'F', 1305),
(2015, 47, 'F', 1323),
(2022, 47, 'F', 1532),
(2019, 47, 'F', 1554),
(2023, 47, 'F', 1689),
(2024, 47, 'F', 1781),
(2015, 48, 'F', 0),
(2016, 48, 'F', 0),
(2017, 48, 'F', 0),
(2018, 48, 'F', 0),
(2019, 48, 'F', 0),
(2020, 48, 'F', 0),
(2021, 48, 'F', 0),
(2022, 48, 'F', 0),
(2023, 48, 'F', 0),
(2024, 48, 'F', 0),
(2015, 48, 'M', 0),
(2016, 48, 'M', 0),
(2017, 48, 'M', 0),
(2018, 48, 'M', 0),
(2019, 48, 'M', 0),
(2020, 48, 'M', 0),
(2021, 48, 'M', 0),
(2022, 48, 'M', 0),
(2023, 48, 'M', 0),
(2024, 48, 'M', 0),
(2015, 49, 'F', 11),
(2017, 49, 'M', 20),
(2020, 49, 'M', 21),
(2016, 49, 'F', 22),
(2016, 49, 'M', 22),
(2018, 49, 'M', 23),
(2015, 49, 'M', 24),
(2019, 49, 'M', 25),
(2017, 49, 'F', 30),
(2019, 49, 'F', 33),
(2018, 49, 'F', 34),
(2021, 49, 'F', 36),
(2022, 49, 'F', 40),
(2020, 49, 'F', 44),
(2023, 49, 'F', 46),
(2021, 49, 'M', 55),
(2024, 49, 'F', 56),
(2024, 49, 'M', 66),
(2023, 49, 'M', 67),
(2022, 49, 'M', 82),
(2016, 50, 'M', 119),
(2017, 50, 'M', 129),
(2015, 50, 'M', 131),
(2018, 50, 'M', 151),
(2019, 50, 'M', 171),
(2017, 50, 'F', 172),
(2015, 50, 'F', 182),
(2018, 50, 'F', 182),
(2016, 50, 'F', 191),
(2020, 50, 'F', 222),
(2019, 50, 'F', 230),
(2024, 50, 'F', 254),
(2020, 50, 'M', 256),
(2024, 50, 'M', 267),
(2023, 50, 'F', 269),
(2021, 50, 'F', 282),
(2021, 50, 'M', 291),
(2022, 50, 'F', 314),
(2023, 50, 'M', 318),
(2022, 50, 'M', 322);
INSERT INTO fact_flussi_migratori (anno, id_paese, id_sesso, Num_Migranti) VALUES
(2020, 51, 'M', 80),
(2020, 51, 'F', 104),
(2018, 51, 'F', 109),
(2019, 51, 'M', 113),
(2015, 51, 'M', 114),
(2018, 51, 'M', 124),
(2021, 51, 'M', 127),
(2015, 51, 'F', 128),
(2019, 51, 'F', 128),
(2017, 51, 'M', 141),
(2017, 51, 'F', 144),
(2021, 51, 'F', 152),
(2024, 51, 'F', 154),
(2022, 51, 'F', 155),
(2022, 51, 'M', 156),
(2023, 51, 'F', 158),
(2024, 51, 'M', 174),
(2016, 51, 'F', 177),
(2023, 51, 'M', 186),
(2016, 51, 'M', 187),
(2016, 52, 'F', 90),
(2017, 52, 'F', 93),
(2015, 52, 'F', 95),
(2015, 52, 'M', 116),
(2019, 52, 'F', 118),
(2016, 52, 'M', 127),
(2018, 52, 'F', 136),
(2017, 52, 'M', 146),
(2018, 52, 'M', 158),
(2020, 52, 'F', 163),
(2019, 52, 'M', 176),
(2020, 52, 'M', 214),
(2021, 52, 'F', 215),
(2024, 52, 'F', 216),
(2023, 52, 'F', 217),
(2022, 52, 'F', 234),
(2021, 52, 'M', 249),
(2024, 52, 'M', 278),
(2022, 52, 'M', 284),
(2023, 52, 'M', 284),
(2017, 53, 'F', 0),
(2019, 53, 'F', 0),
(2021, 53, 'F', 0),
(2018, 53, 'F', 1),
(2017, 53, 'M', 1),
(2015, 53, 'F', 2),
(2016, 53, 'F', 2),
(2020, 53, 'F', 2),
(2024, 53, 'F', 2),
(2019, 53, 'M', 2),
(2022, 53, 'M', 2),
(2015, 53, 'M', 3),
(2024, 53, 'M', 3),
(2022, 53, 'F', 5),
(2023, 53, 'F', 5),
(2018, 53, 'M', 6),
(2020, 53, 'M', 6),
(2021, 53, 'M', 6),
(2016, 53, 'M', 7),
(2023, 53, 'M', 10),
(2022, 54, 'M', 4),
(2024, 54, 'F', 5),
(2015, 54, 'M', 5),
(2024, 54, 'M', 5),
(2016, 54, 'M', 6),
(2021, 54, 'M', 6),
(2023, 54, 'M', 9),
(2015, 54, 'F', 10),
(2017, 54, 'M', 10),
(2020, 54, 'M', 10),
(2022, 54, 'F', 12),
(2020, 54, 'F', 13),
(2016, 54, 'F', 14),
(2021, 54, 'F', 15),
(2023, 54, 'F', 15),
(2018, 54, 'M', 16),
(2019, 54, 'M', 17),
(2018, 54, 'F', 21),
(2017, 54, 'F', 23),
(2019, 54, 'F', 33),
(2015, 55, 'M', 534),
(2016, 55, 'M', 680),
(2020, 55, 'M', 686),
(2020, 55, 'F', 803),
(2021, 55, 'M', 809),
(2015, 55, 'F', 847),
(2022, 55, 'M', 854),
(2017, 55, 'M', 904),
(2024, 55, 'M', 997),
(2018, 55, 'M', 1027),
(2016, 55, 'F', 1051),
(2023, 55, 'M', 1107),
(2021, 55, 'F', 1112),
(2022, 55, 'F', 1172),
(2019, 55, 'M', 1187),
(2017, 55, 'F', 1191),
(2024, 55, 'F', 1254),
(2018, 55, 'F', 1311),
(2023, 55, 'F', 1370),
(2019, 55, 'F', 1503),
(2020, 56, 'M', 417),
(2016, 56, 'M', 441),
(2015, 56, 'M', 445),
(2020, 56, 'F', 479),
(2016, 56, 'F', 480),
(2015, 56, 'F', 495),
(2018, 56, 'M', 539),
(2021, 56, 'M', 565),
(2017, 56, 'M', 571),
(2018, 56, 'F', 582),
(2021, 56, 'F', 640),
(2019, 56, 'M', 644),
(2017, 56, 'F', 674),
(2019, 56, 'F', 704),
(2022, 56, 'M', 863),
(2023, 56, 'M', 922),
(2022, 56, 'F', 925),
(2023, 56, 'F', 992),
(2024, 56, 'M', 1336),
(2024, 56, 'F', 1443),
(2015, 57, 'F', 2165),
(2020, 57, 'F', 2302),
(2016, 57, 'F', 2523),
(2017, 57, 'F', 3291),
(2021, 57, 'F', 3292),
(2018, 57, 'F', 3314),
(2022, 57, 'F', 3554),
(2020, 57, 'M', 3605),
(2019, 57, 'F', 4072),
(2018, 57, 'M', 4264),
(2016, 57, 'M', 4372),
(2023, 57, 'F', 4429),
(2017, 57, 'M', 4697),
(2021, 57, 'M', 5308),
(2024, 57, 'F', 5426),
(2015, 57, 'M', 5436),
(2019, 57, 'M', 5760),
(2022, 57, 'M', 9875),
(2024, 57, 'M', 15758),
(2023, 57, 'M', 17317),
(2015, 58, 'M', 311),
(2016, 58, 'F', 358),
(2015, 58, 'F', 366),
(2016, 58, 'M', 424),
(2019, 58, 'M', 525),
(2017, 58, 'M', 553),
(2019, 58, 'F', 570),
(2017, 58, 'F', 682),
(2020, 58, 'M', 692),
(2018, 58, 'M', 727),
(2018, 58, 'F', 768),
(2020, 58, 'F', 837),
(2024, 58, 'M', 839),
(2023, 58, 'M', 883),
(2022, 58, 'M', 890),
(2021, 58, 'M', 927),
(2023, 58, 'F', 1148),
(2024, 58, 'F', 1154),
(2021, 58, 'F', 1176),
(2022, 58, 'F', 1286),
(2018, 59, 'F', 2),
(2022, 59, 'F', 2),
(2015, 59, 'F', 5),
(2016, 59, 'F', 5),
(2020, 59, 'F', 5),
(2020, 59, 'M', 6),
(2022, 59, 'M', 6),
(2023, 59, 'M', 6),
(2024, 59, 'F', 7),
(2024, 59, 'M', 8),
(2023, 59, 'F', 11),
(2021, 59, 'M', 11),
(2019, 59, 'F', 12),
(2019, 59, 'M', 12),
(2021, 59, 'F', 13),
(2017, 59, 'F', 14),
(2016, 59, 'M', 15),
(2018, 59, 'M', 17),
(2015, 59, 'M', 19),
(2017, 59, 'M', 41),
(2024, 60, 'M', 71),
(2024, 60, 'F', 82),
(2023, 60, 'F', 86),
(2023, 60, 'M', 98),
(2022, 60, 'F', 110),
(2021, 60, 'F', 117),
(2020, 60, 'F', 126),
(2022, 60, 'M', 132),
(2020, 60, 'M', 158),
(2021, 60, 'M', 159),
(2016, 60, 'F', 183),
(2017, 60, 'F', 187),
(2018, 60, 'F', 208),
(2015, 60, 'F', 213),
(2019, 60, 'F', 217),
(2016, 60, 'M', 282),
(2019, 60, 'M', 311),
(2018, 60, 'M', 370),
(2017, 60, 'M', 374),
(2015, 60, 'M', 446),
(2018, 61, 'M', 15),
(2016, 61, 'M', 18),
(2017, 61, 'M', 24),
(2020, 61, 'M', 27),
(2015, 61, 'M', 34),
(2019, 61, 'M', 37),
(2021, 61, 'M', 41),
(2023, 61, 'F', 44),
(2018, 61, 'F', 46),
(2021, 61, 'F', 46),
(2020, 61, 'F', 47),
(2022, 61, 'F', 49),
(2017, 61, 'F', 50),
(2019, 61, 'F', 51),
(2016, 61, 'F', 53),
(2022, 61, 'M', 57),
(2015, 61, 'F', 58),
(2024, 61, 'M', 61),
(2023, 61, 'M', 64),
(2024, 61, 'F', 67),
(2019, 62, 'F', 0),
(2021, 62, 'F', 0),
(2019, 62, 'M', 0),
(2023, 62, 'M', 0),
(2016, 62, 'F', 1),
(2020, 62, 'F', 1),
(2023, 62, 'F', 1),
(2015, 62, 'M', 1),
(2017, 62, 'M', 1),
(2018, 62, 'M', 1),
(2020, 62, 'M', 1),
(2021, 62, 'M', 1),
(2017, 62, 'F', 2),
(2022, 62, 'M', 2),
(2024, 62, 'F', 3),
(2016, 62, 'M', 3),
(2018, 62, 'F', 4),
(2024, 62, 'M', 4),
(2015, 62, 'F', 6),
(2022, 62, 'F', 6),
(2020, 63, 'M', 169),
(2020, 63, 'F', 184),
(2016, 63, 'F', 216),
(2017, 63, 'F', 225),
(2015, 63, 'F', 228),
(2022, 63, 'M', 232),
(2023, 63, 'F', 234),
(2019, 63, 'F', 235),
(2019, 63, 'M', 236),
(2021, 63, 'M', 242),
(2016, 63, 'M', 245),
(2022, 63, 'F', 246),
(2018, 63, 'F', 247),
(2021, 63, 'F', 247),
(2024, 63, 'F', 248),
(2015, 63, 'M', 258),
(2018, 63, 'M', 262),
(2024, 63, 'M', 274),
(2023, 63, 'M', 279),
(2017, 63, 'M', 304),
(2015, 64, 'F', 0),
(2016, 64, 'F', 0),
(2017, 64, 'F', 0),
(2018, 64, 'F', 0),
(2019, 64, 'F', 0),
(2020, 64, 'F', 0),
(2021, 64, 'F', 0),
(2022, 64, 'F', 0),
(2023, 64, 'F', 0),
(2024, 64, 'F', 0),
(2015, 64, 'M', 0),
(2016, 64, 'M', 0),
(2017, 64, 'M', 0),
(2018, 64, 'M', 0),
(2019, 64, 'M', 0),
(2020, 64, 'M', 0),
(2021, 64, 'M', 0),
(2022, 64, 'M', 0),
(2023, 64, 'M', 0),
(2024, 64, 'M', 0),
(2015, 65, 'F', 0),
(2016, 65, 'F', 0),
(2017, 65, 'F', 0),
(2018, 65, 'F', 0),
(2019, 65, 'F', 0),
(2020, 65, 'F', 0),
(2021, 65, 'F', 0),
(2022, 65, 'F', 0),
(2023, 65, 'F', 0),
(2024, 65, 'F', 0),
(2015, 65, 'M', 0),
(2016, 65, 'M', 0),
(2017, 65, 'M', 0),
(2018, 65, 'M', 0),
(2019, 65, 'M', 0),
(2020, 65, 'M', 0),
(2021, 65, 'M', 0),
(2022, 65, 'M', 0),
(2023, 65, 'M', 0),
(2024, 65, 'M', 0),
(2015, 66, 'F', 0),
(2016, 66, 'F', 0),
(2017, 66, 'F', 0),
(2018, 66, 'F', 0),
(2019, 66, 'F', 0),
(2021, 66, 'F', 0),
(2022, 66, 'F', 0),
(2023, 66, 'F', 0),
(2024, 66, 'F', 0),
(2015, 66, 'M', 0),
(2016, 66, 'M', 0),
(2017, 66, 'M', 0),
(2018, 66, 'M', 0),
(2019, 66, 'M', 0),
(2021, 66, 'M', 0),
(2022, 66, 'M', 0),
(2023, 66, 'M', 0),
(2020, 66, 'M', 1),
(2024, 66, 'M', 1),
(2020, 66, 'F', 2),
(2015, 67, 'F', 0),
(2016, 67, 'F', 0),
(2017, 67, 'F', 0),
(2020, 67, 'F', 0),
(2023, 67, 'F', 0),
(2016, 67, 'M', 0),
(2022, 67, 'M', 0),
(2019, 67, 'F', 1),
(2015, 67, 'M', 1),
(2018, 67, 'F', 2),
(2022, 67, 'F', 2),
(2017, 67, 'M', 2),
(2020, 67, 'M', 2),
(2024, 67, 'M', 2),
(2021, 67, 'F', 3),
(2018, 67, 'M', 3),
(2023, 67, 'M', 3),
(2024, 67, 'F', 4),
(2019, 67, 'M', 5),
(2021, 67, 'M', 7),
(2015, 68, 'M', 51),
(2017, 68, 'M', 69),
(2016, 68, 'M', 81),
(2020, 68, 'M', 85),
(2017, 68, 'F', 87),
(2016, 68, 'F', 89),
(2023, 68, 'F', 90),
(2015, 68, 'F', 94),
(2018, 68, 'M', 94),
(2018, 68, 'F', 98),
(2020, 68, 'F', 99),
(2019, 68, 'M', 100),
(2023, 68, 'M', 108),
(2019, 68, 'F', 111),
(2022, 68, 'F', 120),
(2024, 68, 'M', 120),
(2021, 68, 'M', 123),
(2021, 68, 'F', 127),
(2024, 68, 'F', 137),
(2022, 68, 'M', 146),
(2015, 69, 'F', 1808),
(2016, 69, 'F', 1910),
(2015, 69, 'M', 1962),
(2018, 69, 'F', 1973),
(2019, 69, 'F', 2048),
(2017, 69, 'F', 2062),
(2016, 69, 'M', 2106),
(2017, 69, 'M', 2160),
(2018, 69, 'M', 2252),
(2019, 69, 'M', 2378),
(2020, 69, 'F', 2553),
(2020, 69, 'M', 2803),
(2021, 69, 'F', 2817),
(2024, 69, 'F', 2879),
(2023, 69, 'F', 2985),
(2022, 69, 'F', 3132),
(2024, 69, 'M', 3323),
(2021, 69, 'M', 3369),
(2023, 69, 'M', 3427),
(2022, 69, 'M', 3726),
(2015, 70, 'F', 0),
(2016, 70, 'F', 0),
(2017, 70, 'F', 0),
(2018, 70, 'F', 0),
(2019, 70, 'F', 0),
(2020, 70, 'F', 0),
(2021, 70, 'F', 0),
(2022, 70, 'F', 0),
(2023, 70, 'F', 0),
(2024, 70, 'F', 0),
(2015, 70, 'M', 0),
(2016, 70, 'M', 0),
(2017, 70, 'M', 0),
(2018, 70, 'M', 0),
(2019, 70, 'M', 0),
(2020, 70, 'M', 0),
(2021, 70, 'M', 0),
(2022, 70, 'M', 0),
(2023, 70, 'M', 0),
(2024, 70, 'M', 0),
(2018, 71, 'F', 15),
(2024, 71, 'M', 18),
(2022, 71, 'M', 21),
(2024, 71, 'F', 23),
(2023, 71, 'M', 23),
(2016, 71, 'F', 25),
(2016, 71, 'M', 28),
(2015, 71, 'F', 29),
(2015, 71, 'M', 29),
(2019, 71, 'M', 30),
(2017, 71, 'F', 31),
(2020, 71, 'F', 32),
(2021, 71, 'M', 32),
(2020, 71, 'M', 33),
(2023, 71, 'F', 34),
(2022, 71, 'F', 35),
(2018, 71, 'M', 37),
(2019, 71, 'F', 41),
(2017, 71, 'M', 43),
(2021, 71, 'F', 46),
(2015, 72, 'F', 62),
(2020, 72, 'F', 71),
(2019, 72, 'F', 78),
(2016, 72, 'F', 87),
(2021, 72, 'F', 114),
(2018, 72, 'F', 138),
(2022, 72, 'F', 138),
(2017, 72, 'F', 179),
(2023, 72, 'F', 239),
(2024, 72, 'F', 322),
(2022, 72, 'M', 1471),
(2020, 72, 'M', 1472),
(2021, 72, 'M', 1544),
(2019, 72, 'M', 1545),
(2023, 72, 'M', 2136),
(2024, 72, 'M', 3656),
(2015, 72, 'M', 5049),
(2018, 72, 'M', 6073),
(2016, 72, 'M', 6512),
(2017, 72, 'M', 8679),
(2016, 73, 'M', 264),
(2020, 73, 'M', 274),
(2015, 73, 'M', 289),
(2017, 73, 'M', 313),
(2019, 73, 'M', 335),
(2018, 73, 'M', 337),
(2021, 73, 'M', 420),
(2016, 73, 'F', 476),
(2017, 73, 'F', 557),
(2015, 73, 'F', 628),
(2022, 73, 'M', 693),
(2019, 73, 'F', 744),
(2018, 73, 'F', 762),
(2023, 73, 'M', 768),
(2024, 73, 'M', 806),
(2020, 73, 'F', 832),
(2024, 73, 'F', 3632),
(2021, 73, 'F', 4359),
(2023, 73, 'F', 4498),
(2022, 73, 'F', 6895),
(2015, 74, 'F', 2293),
(2015, 74, 'M', 2797),
(2016, 74, 'F', 2913),
(2017, 74, 'F', 3001),
(2019, 74, 'F', 3082),
(2018, 74, 'F', 3260),
(2016, 74, 'M', 3435),
(2017, 74, 'M', 3760),
(2019, 74, 'M', 4022),
(2018, 74, 'M', 4089),
(2020, 74, 'F', 4355),
(2020, 74, 'M', 5345),
(2024, 74, 'F', 5539),
(2021, 74, 'F', 5726),
(2023, 74, 'F', 5897),
(2024, 74, 'M', 6548),
(2022, 74, 'F', 6812),
(2021, 74, 'M', 6942),
(2023, 74, 'M', 7076),
(2022, 74, 'M', 8462),
(2022, 75, 'F', 516),
(2023, 75, 'F', 565),
(2021, 75, 'F', 569),
(2020, 75, 'F', 626),
(2016, 75, 'F', 665),
(2024, 75, 'F', 667),
(2015, 75, 'F', 732),
(2018, 75, 'F', 919),
(2019, 75, 'F', 1007),
(2017, 75, 'F', 1075),
(2023, 75, 'M', 1149),
(2024, 75, 'M', 1162),
(2020, 75, 'M', 1230),
(2022, 75, 'M', 1289),
(2021, 75, 'M', 1349),
(2019, 75, 'M', 1653),
(2015, 75, 'M', 2235),
(2016, 75, 'M', 3458),
(2018, 75, 'M', 3669),
(2017, 75, 'M', 5047);
INSERT INTO fact_flussi_migratori (anno, id_paese, id_sesso, Num_Migranti) VALUES
(2015, 76, 'F', 0),
(2016, 76, 'F', 0),
(2017, 76, 'F', 0),
(2018, 76, 'F', 0),
(2019, 76, 'F', 0),
(2020, 76, 'F', 0),
(2021, 76, 'F', 0),
(2022, 76, 'F', 0),
(2023, 76, 'F', 0),
(2024, 76, 'F', 0),
(2015, 76, 'M', 0),
(2016, 76, 'M', 0),
(2017, 76, 'M', 0),
(2018, 76, 'M', 0),
(2019, 76, 'M', 0),
(2020, 76, 'M', 0),
(2021, 76, 'M', 0),
(2022, 76, 'M', 0),
(2023, 76, 'M', 0),
(2024, 76, 'M', 0),
(2020, 77, 'M', 275),
(2020, 77, 'F', 305),
(2015, 77, 'F', 331),
(2016, 77, 'F', 331),
(2015, 77, 'M', 334),
(2016, 77, 'M', 336),
(2021, 77, 'F', 340),
(2021, 77, 'M', 347),
(2018, 77, 'M', 369),
(2017, 77, 'M', 388),
(2017, 77, 'F', 389),
(2018, 77, 'F', 409),
(2024, 77, 'M', 442),
(2019, 77, 'M', 446),
(2022, 77, 'F', 447),
(2019, 77, 'F', 454),
(2023, 77, 'F', 460),
(2023, 77, 'M', 460),
(2022, 77, 'M', 464),
(2024, 77, 'F', 476),
(2015, 78, 'F', 0),
(2016, 78, 'F', 0),
(2017, 78, 'F', 0),
(2018, 78, 'F', 0),
(2019, 78, 'F', 0),
(2020, 78, 'F', 0),
(2021, 78, 'F', 0),
(2022, 78, 'F', 0),
(2023, 78, 'F', 0),
(2024, 78, 'F', 0),
(2015, 78, 'M', 0),
(2016, 78, 'M', 0),
(2017, 78, 'M', 0),
(2018, 78, 'M', 0),
(2019, 78, 'M', 0),
(2020, 78, 'M', 0),
(2021, 78, 'M', 0),
(2022, 78, 'M', 0),
(2023, 78, 'M', 0),
(2024, 78, 'M', 0),
(2016, 79, 'F', 0),
(2017, 79, 'F', 0),
(2018, 79, 'F', 0),
(2020, 79, 'F', 0),
(2023, 79, 'F', 0),
(2015, 79, 'M', 0),
(2016, 79, 'M', 0),
(2018, 79, 'M', 0),
(2020, 79, 'M', 0),
(2021, 79, 'M', 0),
(2022, 79, 'M', 0),
(2023, 79, 'M', 0),
(2024, 79, 'M', 0),
(2015, 79, 'F', 1),
(2024, 79, 'F', 1),
(2019, 79, 'F', 2),
(2021, 79, 'F', 2),
(2022, 79, 'F', 2),
(2017, 79, 'M', 2),
(2019, 79, 'M', 2),
(2020, 80, 'M', 29),
(2018, 80, 'M', 34),
(2019, 80, 'M', 37),
(2016, 80, 'M', 38),
(2015, 80, 'M', 40),
(2021, 80, 'M', 40),
(2020, 80, 'F', 41),
(2018, 80, 'F', 43),
(2017, 80, 'M', 45),
(2015, 80, 'F', 47),
(2017, 80, 'F', 48),
(2016, 80, 'F', 49),
(2019, 80, 'F', 52),
(2021, 80, 'F', 52),
(2024, 80, 'M', 59),
(2023, 80, 'M', 60),
(2023, 80, 'F', 79),
(2022, 80, 'M', 83),
(2024, 80, 'F', 86),
(2022, 80, 'F', 107),
(2015, 81, 'F', 0),
(2016, 81, 'F', 0),
(2017, 81, 'F', 0),
(2018, 81, 'F', 0),
(2019, 81, 'F', 0),
(2020, 81, 'F', 0),
(2021, 81, 'F', 0),
(2022, 81, 'F', 0),
(2023, 81, 'F', 0),
(2024, 81, 'F', 0),
(2015, 81, 'M', 0),
(2016, 81, 'M', 0),
(2017, 81, 'M', 0),
(2018, 81, 'M', 0),
(2019, 81, 'M', 0),
(2020, 81, 'M', 0),
(2021, 81, 'M', 0),
(2022, 81, 'M', 0),
(2023, 81, 'M', 0),
(2024, 81, 'M', 0),
(2015, 82, 'F', 74),
(2020, 82, 'F', 107),
(2021, 82, 'F', 120),
(2016, 82, 'F', 140),
(2019, 82, 'F', 142),
(2018, 82, 'F', 169),
(2017, 82, 'F', 197),
(2022, 82, 'F', 219),
(2023, 82, 'F', 401),
(2024, 82, 'F', 523),
(2020, 82, 'M', 685),
(2022, 82, 'M', 714),
(2015, 82, 'M', 789),
(2019, 82, 'M', 790),
(2021, 82, 'M', 880),
(2023, 82, 'M', 1932),
(2016, 82, 'M', 2173),
(2024, 82, 'M', 2852),
(2018, 82, 'M', 3537),
(2017, 82, 'M', 5256),
(2020, 83, 'F', 9),
(2019, 83, 'F', 14),
(2023, 83, 'F', 14),
(2015, 83, 'F', 17),
(2021, 83, 'F', 17),
(2018, 83, 'F', 19),
(2016, 83, 'F', 23),
(2017, 83, 'F', 25),
(2022, 83, 'F', 25),
(2024, 83, 'F', 29),
(2019, 83, 'M', 138),
(2023, 83, 'M', 144),
(2020, 83, 'M', 153),
(2022, 83, 'M', 164),
(2024, 83, 'M', 178),
(2021, 83, 'M', 216),
(2015, 83, 'M', 325),
(2016, 83, 'M', 480),
(2018, 83, 'M', 637),
(2017, 83, 'M', 800),
(2017, 84, 'F', 0),
(2023, 84, 'F', 0),
(2015, 84, 'M', 0),
(2016, 84, 'M', 0),
(2020, 84, 'M', 0),
(2022, 84, 'M', 0),
(2016, 84, 'F', 1),
(2019, 84, 'F', 1),
(2020, 84, 'F', 1),
(2022, 84, 'F', 1),
(2021, 84, 'M', 1),
(2024, 84, 'M', 1),
(2015, 84, 'F', 2),
(2021, 84, 'F', 2),
(2024, 84, 'F', 2),
(2017, 84, 'M', 2),
(2023, 84, 'M', 2),
(2019, 84, 'M', 4),
(2018, 84, 'M', 5),
(2018, 84, 'F', 8),
(2020, 85, 'F', 13),
(2015, 85, 'F', 14),
(2016, 85, 'F', 17),
(2017, 85, 'F', 18),
(2015, 85, 'M', 18),
(2019, 85, 'F', 20),
(2022, 85, 'F', 21),
(2016, 85, 'M', 22),
(2020, 85, 'M', 23),
(2023, 85, 'F', 26),
(2018, 85, 'F', 29),
(2024, 85, 'F', 31),
(2017, 85, 'M', 31),
(2021, 85, 'M', 35),
(2022, 85, 'M', 36),
(2019, 85, 'M', 37),
(2023, 85, 'M', 37),
(2024, 85, 'M', 37),
(2021, 85, 'F', 38),
(2018, 85, 'M', 43),
(2019, 86, 'F', 0),
(2020, 86, 'F', 0),
(2022, 86, 'F', 0),
(2023, 86, 'F', 0),
(2016, 86, 'F', 1),
(2018, 86, 'F', 1),
(2021, 86, 'F', 1),
(2024, 86, 'F', 1),
(2015, 86, 'M', 1),
(2016, 86, 'M', 1),
(2018, 86, 'M', 1),
(2022, 86, 'M', 1),
(2023, 86, 'M', 1),
(2024, 86, 'M', 1),
(2017, 86, 'M', 2),
(2019, 86, 'M', 2),
(2021, 86, 'M', 2),
(2017, 86, 'F', 3),
(2020, 86, 'M', 3),
(2015, 86, 'F', 4),
(2016, 87, 'M', 59),
(2015, 87, 'M', 63),
(2017, 87, 'M', 83),
(2019, 87, 'M', 88),
(2016, 87, 'F', 101),
(2020, 87, 'M', 108),
(2018, 87, 'M', 113),
(2017, 87, 'F', 132),
(2015, 87, 'F', 138),
(2021, 87, 'M', 152),
(2022, 87, 'M', 156),
(2018, 87, 'F', 166),
(2020, 87, 'F', 167),
(2024, 87, 'M', 181),
(2019, 87, 'F', 184),
(2023, 87, 'M', 188),
(2022, 87, 'F', 291),
(2024, 87, 'F', 294),
(2021, 87, 'F', 308),
(2023, 87, 'F', 315),
(2020, 88, 'M', 231),
(2015, 88, 'M', 250),
(2017, 88, 'M', 261),
(2018, 88, 'M', 266),
(2019, 88, 'M', 284),
(2021, 88, 'M', 286),
(2022, 88, 'M', 300),
(2016, 88, 'M', 302),
(2020, 88, 'F', 307),
(2019, 88, 'F', 353),
(2022, 88, 'F', 359),
(2018, 88, 'F', 381),
(2017, 88, 'F', 390),
(2016, 88, 'F', 396),
(2021, 88, 'F', 406),
(2023, 88, 'M', 409),
(2024, 88, 'M', 409),
(2023, 88, 'F', 412),
(2024, 88, 'F', 420),
(2015, 88, 'F', 463),
(2015, 89, 'M', 4),
(2016, 89, 'F', 6),
(2018, 89, 'F', 6),
(2021, 89, 'F', 7),
(2024, 89, 'F', 7),
(2017, 89, 'F', 8),
(2022, 89, 'F', 9),
(2016, 89, 'M', 10),
(2017, 89, 'M', 10),
(2015, 89, 'F', 11),
(2018, 89, 'M', 11),
(2019, 89, 'F', 12),
(2020, 89, 'M', 14),
(2024, 89, 'M', 14),
(2019, 89, 'M', 15),
(2020, 89, 'F', 18),
(2021, 89, 'M', 20),
(2023, 89, 'F', 24),
(2022, 89, 'M', 26),
(2023, 89, 'M', 38),
(2020, 90, 'F', 3264),
(2017, 90, 'F', 3392),
(2020, 90, 'M', 4065),
(2016, 90, 'F', 4388),
(2017, 90, 'M', 4468),
(2015, 90, 'F', 4696),
(2021, 90, 'F', 5045),
(2018, 90, 'M', 5466),
(2016, 90, 'M', 5675),
(2018, 90, 'F', 5676),
(2022, 90, 'F', 5886),
(2024, 90, 'F', 5898),
(2019, 90, 'F', 6452),
(2023, 90, 'F', 6491),
(2015, 90, 'M', 6666),
(2021, 90, 'M', 6907),
(2019, 90, 'M', 7065),
(2022, 90, 'M', 7281),
(2023, 90, 'M', 7307),
(2024, 90, 'M', 7990),
(2018, 91, 'M', 63),
(2015, 91, 'M', 76),
(2017, 91, 'M', 83),
(2016, 91, 'M', 84),
(2020, 91, 'M', 86),
(2024, 91, 'M', 87),
(2019, 91, 'M', 88),
(2023, 91, 'M', 90),
(2022, 91, 'M', 102),
(2021, 91, 'M', 108),
(2020, 91, 'F', 163),
(2016, 91, 'F', 169),
(2017, 91, 'F', 169),
(2022, 91, 'F', 187),
(2018, 91, 'F', 207),
(2023, 91, 'F', 209),
(2015, 91, 'F', 212),
(2021, 91, 'F', 216),
(2024, 91, 'F', 216),
(2019, 91, 'F', 256),
(2016, 92, 'M', 504),
(2016, 92, 'F', 552),
(2015, 92, 'F', 559),
(2015, 92, 'M', 651),
(2017, 92, 'M', 652),
(2018, 92, 'M', 665),
(2017, 92, 'F', 676),
(2018, 92, 'F', 704),
(2020, 92, 'F', 786),
(2020, 92, 'M', 838),
(2021, 92, 'F', 941),
(2019, 92, 'F', 989),
(2021, 92, 'M', 1014),
(2019, 92, 'M', 1020),
(2022, 92, 'M', 1257),
(2022, 92, 'F', 1347),
(2024, 92, 'M', 2098),
(2023, 92, 'M', 2143),
(2023, 92, 'F', 2233),
(2024, 92, 'F', 2533),
(2015, 93, 'F', 60),
(2016, 93, 'F', 118),
(2020, 93, 'F', 176),
(2019, 93, 'F', 190),
(2021, 93, 'F', 202),
(2023, 93, 'F', 231),
(2017, 93, 'F', 243),
(2018, 93, 'F', 252),
(2022, 93, 'F', 272),
(2024, 93, 'F', 299),
(2015, 93, 'M', 391),
(2023, 93, 'M', 538),
(2016, 93, 'M', 654),
(2020, 93, 'M', 674),
(2024, 93, 'M', 694),
(2022, 93, 'M', 762),
(2019, 93, 'M', 763),
(2021, 93, 'M', 763),
(2017, 93, 'M', 1055),
(2018, 93, 'M', 1134),
(2015, 94, 'F', 161),
(2015, 94, 'M', 191),
(2018, 94, 'F', 253),
(2016, 94, 'F', 263),
(2017, 94, 'F', 267),
(2016, 94, 'M', 268),
(2019, 94, 'F', 273),
(2017, 94, 'M', 298),
(2018, 94, 'M', 361),
(2019, 94, 'M', 375),
(2024, 94, 'F', 558),
(2023, 94, 'F', 566),
(2020, 94, 'F', 603),
(2020, 94, 'M', 616),
(2021, 94, 'F', 658),
(2024, 94, 'M', 660),
(2022, 94, 'F', 676),
(2023, 94, 'M', 737),
(2022, 94, 'M', 752),
(2021, 94, 'M', 839),
(2015, 95, 'F', 0),
(2016, 95, 'F', 0),
(2017, 95, 'F', 0),
(2018, 95, 'F', 0),
(2019, 95, 'F', 0),
(2020, 95, 'F', 0),
(2021, 95, 'F', 0),
(2022, 95, 'F', 0),
(2023, 95, 'F', 0),
(2024, 95, 'F', 0),
(2015, 95, 'M', 0),
(2016, 95, 'M', 0),
(2017, 95, 'M', 0),
(2018, 95, 'M', 0),
(2019, 95, 'M', 0),
(2020, 95, 'M', 0),
(2021, 95, 'M', 0),
(2022, 95, 'M', 0),
(2023, 95, 'M', 0),
(2024, 95, 'M', 0),
(2015, 96, 'F', 115),
(2016, 96, 'F', 115),
(2016, 96, 'M', 117),
(2020, 96, 'F', 118),
(2020, 96, 'M', 120),
(2021, 96, 'F', 122),
(2015, 96, 'M', 122),
(2017, 96, 'F', 132),
(2017, 96, 'M', 141),
(2021, 96, 'M', 141),
(2018, 96, 'F', 146),
(2019, 96, 'F', 159),
(2019, 96, 'M', 178),
(2018, 96, 'M', 185),
(2022, 96, 'F', 193),
(2022, 96, 'M', 231),
(2023, 96, 'F', 302),
(2023, 96, 'M', 315),
(2024, 96, 'M', 360),
(2024, 96, 'F', 365),
(2015, 97, 'F', 0),
(2016, 97, 'F', 0),
(2017, 97, 'F', 0),
(2018, 97, 'F', 0),
(2019, 97, 'F', 0),
(2020, 97, 'F', 0),
(2021, 97, 'F', 0),
(2022, 97, 'F', 0),
(2023, 97, 'F', 0),
(2024, 97, 'F', 0),
(2015, 97, 'M', 0),
(2016, 97, 'M', 0),
(2017, 97, 'M', 0),
(2018, 97, 'M', 0),
(2019, 97, 'M', 0),
(2020, 97, 'M', 0),
(2021, 97, 'M', 0),
(2022, 97, 'M', 0),
(2023, 97, 'M', 0),
(2024, 97, 'M', 0),
(2020, 98, 'F', 396),
(2015, 98, 'F', 486),
(2019, 98, 'F', 520),
(2016, 98, 'F', 571),
(2021, 98, 'F', 726),
(2022, 98, 'F', 742),
(2018, 98, 'F', 861),
(2020, 98, 'M', 917),
(2017, 98, 'F', 943),
(2019, 98, 'M', 978),
(2022, 98, 'M', 1243),
(2021, 98, 'M', 1253),
(2015, 98, 'M', 1546),
(2023, 98, 'F', 2031),
(2024, 98, 'F', 2070),
(2024, 98, 'M', 2984),
(2016, 98, 'M', 2993),
(2023, 98, 'M', 3024),
(2018, 98, 'M', 3936),
(2017, 98, 'M', 5660),
(2024, 99, 'F', 1),
(2017, 99, 'F', 2),
(2020, 99, 'F', 3),
(2023, 99, 'M', 4),
(2018, 99, 'M', 5),
(2021, 99, 'M', 5),
(2016, 99, 'F', 6),
(2018, 99, 'F', 6),
(2019, 99, 'F', 6),
(2020, 99, 'M', 6),
(2017, 99, 'M', 7),
(2019, 99, 'M', 7),
(2021, 99, 'F', 8),
(2022, 99, 'M', 8),
(2015, 99, 'F', 9),
(2022, 99, 'F', 9),
(2023, 99, 'F', 9),
(2015, 99, 'M', 9),
(2016, 99, 'M', 12),
(2024, 99, 'M', 12),
(2020, 100, 'M', 262),
(2015, 100, 'M', 279),
(2016, 100, 'M', 280),
(2024, 100, 'M', 288),
(2021, 100, 'M', 297),
(2016, 100, 'F', 306),
(2021, 100, 'F', 307),
(2022, 100, 'F', 309),
(2019, 100, 'F', 313),
(2018, 100, 'F', 314),
(2018, 100, 'M', 316),
(2022, 100, 'M', 320),
(2017, 100, 'M', 322),
(2019, 100, 'M', 325),
(2024, 100, 'F', 328),
(2023, 100, 'M', 330),
(2023, 100, 'F', 334),
(2020, 100, 'F', 337),
(2015, 100, 'F', 348),
(2017, 100, 'F', 348);
INSERT INTO fact_flussi_migratori (anno, id_paese, id_sesso, Num_Migranti) VALUES
(2015, 101, 'F', 0),
(2016, 101, 'F', 0),
(2017, 101, 'F', 0),
(2018, 101, 'F', 0),
(2019, 101, 'F', 0),
(2020, 101, 'F', 0),
(2021, 101, 'F', 0),
(2022, 101, 'F', 0),
(2024, 101, 'F', 0),
(2015, 101, 'M', 0),
(2016, 101, 'M', 0),
(2017, 101, 'M', 0),
(2018, 101, 'M', 0),
(2019, 101, 'M', 0),
(2020, 101, 'M', 0),
(2021, 101, 'M', 0),
(2022, 101, 'M', 0),
(2023, 101, 'M', 0),
(2024, 101, 'M', 0),
(2023, 101, 'F', 1),
(2015, 102, 'F', 44),
(2016, 102, 'F', 52),
(2020, 102, 'F', 53),
(2016, 102, 'M', 53),
(2020, 102, 'M', 57),
(2015, 102, 'M', 58),
(2018, 102, 'M', 59),
(2023, 102, 'F', 62),
(2021, 102, 'F', 67),
(2017, 102, 'F', 71),
(2018, 102, 'F', 71),
(2019, 102, 'F', 71),
(2017, 102, 'M', 72),
(2023, 102, 'M', 84),
(2024, 102, 'M', 84),
(2024, 102, 'F', 85),
(2021, 102, 'M', 89),
(2019, 102, 'M', 91),
(2022, 102, 'F', 93),
(2022, 102, 'M', 101),
(2018, 103, 'M', 45),
(2017, 103, 'M', 54),
(2019, 103, 'M', 56),
(2022, 103, 'M', 64),
(2015, 103, 'M', 68),
(2024, 103, 'M', 69),
(2020, 103, 'M', 70),
(2021, 103, 'M', 74),
(2023, 103, 'M', 84),
(2016, 103, 'M', 93),
(2018, 103, 'F', 116),
(2017, 103, 'F', 128),
(2020, 103, 'F', 130),
(2016, 103, 'F', 143),
(2021, 103, 'F', 145),
(2022, 103, 'F', 148),
(2015, 103, 'F', 155),
(2019, 103, 'F', 169),
(2024, 103, 'F', 199),
(2023, 103, 'F', 217),
(2021, 104, 'M', 99),
(2017, 104, 'M', 108),
(2018, 104, 'M', 115),
(2019, 104, 'M', 119),
(2015, 104, 'M', 123),
(2020, 104, 'M', 125),
(2023, 104, 'M', 125),
(2024, 104, 'M', 128),
(2016, 104, 'M', 130),
(2022, 104, 'M', 135),
(2020, 104, 'F', 142),
(2016, 104, 'F', 161),
(2017, 104, 'F', 165),
(2021, 104, 'F', 169),
(2018, 104, 'F', 176),
(2015, 104, 'F', 179),
(2022, 104, 'F', 180),
(2019, 104, 'F', 187),
(2023, 104, 'F', 224),
(2024, 104, 'F', 236),
(2015, 105, 'F', 0),
(2016, 105, 'F', 0),
(2017, 105, 'F', 0),
(2018, 105, 'F', 0),
(2019, 105, 'F', 0),
(2020, 105, 'F', 0),
(2021, 105, 'F', 0),
(2022, 105, 'F', 0),
(2023, 105, 'F', 0),
(2024, 105, 'F', 0),
(2015, 105, 'M', 0),
(2016, 105, 'M', 0),
(2017, 105, 'M', 0),
(2018, 105, 'M', 0),
(2019, 105, 'M', 0),
(2020, 105, 'M', 0),
(2021, 105, 'M', 0),
(2022, 105, 'M', 0),
(2023, 105, 'M', 0),
(2024, 105, 'M', 0),
(2020, 106, 'F', 747),
(2021, 106, 'F', 839),
(2015, 106, 'F', 936),
(2017, 106, 'F', 970),
(2018, 106, 'F', 974),
(2015, 106, 'M', 986),
(2020, 106, 'M', 988),
(2016, 106, 'F', 1008),
(2017, 106, 'M', 1051),
(2022, 106, 'F', 1056),
(2019, 106, 'F', 1077),
(2016, 106, 'M', 1104),
(2023, 106, 'F', 1124),
(2024, 106, 'F', 1139),
(2021, 106, 'M', 1190),
(2018, 106, 'M', 1270),
(2019, 106, 'M', 1320),
(2022, 106, 'M', 1342),
(2023, 106, 'M', 1385),
(2024, 106, 'M', 1504),
(2024, 107, 'F', 13),
(2018, 107, 'F', 15),
(2019, 107, 'F', 15),
(2017, 107, 'F', 17),
(2022, 107, 'F', 17),
(2023, 107, 'F', 17),
(2015, 107, 'F', 18),
(2016, 107, 'F', 21),
(2020, 107, 'F', 21),
(2021, 107, 'F', 23),
(2019, 107, 'M', 27),
(2023, 107, 'M', 28),
(2016, 107, 'M', 33),
(2015, 107, 'M', 36),
(2018, 107, 'M', 36),
(2020, 107, 'M', 39),
(2024, 107, 'M', 43),
(2017, 107, 'M', 44),
(2022, 107, 'M', 46),
(2021, 107, 'M', 55),
(2015, 108, 'M', 28),
(2019, 108, 'M', 33),
(2016, 108, 'M', 34),
(2020, 108, 'M', 36),
(2017, 108, 'M', 46),
(2016, 108, 'F', 53),
(2021, 108, 'M', 57),
(2018, 108, 'M', 58),
(2022, 108, 'M', 61),
(2015, 108, 'F', 66),
(2019, 108, 'F', 70),
(2023, 108, 'M', 79),
(2017, 108, 'F', 98),
(2024, 108, 'M', 101),
(2020, 108, 'F', 103),
(2018, 108, 'F', 166),
(2021, 108, 'F', 219),
(2022, 108, 'F', 287),
(2024, 108, 'F', 303),
(2023, 108, 'F', 337),
(2015, 109, 'M', 0),
(2017, 109, 'M', 1),
(2018, 109, 'M', 1),
(2017, 109, 'F', 2),
(2016, 109, 'M', 2),
(2021, 109, 'M', 2),
(2018, 109, 'F', 3),
(2020, 109, 'F', 3),
(2021, 109, 'F', 3),
(2024, 109, 'F', 4),
(2019, 109, 'M', 4),
(2020, 109, 'M', 4),
(2015, 109, 'F', 5),
(2023, 109, 'F', 5),
(2022, 109, 'M', 5),
(2016, 109, 'F', 6),
(2023, 109, 'M', 6),
(2022, 109, 'F', 7),
(2019, 109, 'F', 8),
(2024, 109, 'M', 10),
(2017, 110, 'M', 38),
(2018, 110, 'M', 38),
(2020, 110, 'M', 44),
(2015, 110, 'M', 59),
(2021, 110, 'M', 60),
(2019, 110, 'M', 66),
(2016, 110, 'M', 67),
(2022, 110, 'M', 70),
(2022, 110, 'F', 93),
(2023, 110, 'M', 95),
(2018, 110, 'F', 97),
(2017, 110, 'F', 107),
(2020, 110, 'F', 115),
(2016, 110, 'F', 120),
(2021, 110, 'F', 120),
(2023, 110, 'F', 123),
(2024, 110, 'M', 125),
(2019, 110, 'F', 128),
(2015, 110, 'F', 134),
(2024, 110, 'F', 143),
(2015, 111, 'F', 128),
(2016, 111, 'F', 151),
(2018, 111, 'F', 169),
(2019, 111, 'F', 178),
(2020, 111, 'F', 186),
(2017, 111, 'F', 198),
(2015, 111, 'M', 209),
(2016, 111, 'M', 237),
(2018, 111, 'M', 242),
(2019, 111, 'M', 283),
(2017, 111, 'M', 293),
(2020, 111, 'M', 302),
(2023, 111, 'F', 337),
(2021, 111, 'F', 352),
(2024, 111, 'F', 367),
(2022, 111, 'F', 407),
(2021, 111, 'M', 428),
(2024, 111, 'M', 440),
(2023, 111, 'M', 475),
(2022, 111, 'M', 481),
(2015, 112, 'F', 0),
(2016, 112, 'F', 0),
(2019, 112, 'F', 0),
(2021, 112, 'F', 0),
(2022, 112, 'F', 0),
(2023, 112, 'F', 0),
(2015, 112, 'M', 0),
(2019, 112, 'M', 0),
(2022, 112, 'M', 0),
(2023, 112, 'M', 0),
(2017, 112, 'F', 1),
(2018, 112, 'F', 1),
(2020, 112, 'F', 1),
(2020, 112, 'M', 1),
(2021, 112, 'M', 1),
(2024, 112, 'M', 1),
(2016, 112, 'M', 2),
(2017, 112, 'M', 3),
(2018, 112, 'M', 3),
(2024, 112, 'F', 4),
(2015, 113, 'F', 7),
(2016, 113, 'F', 7),
(2019, 113, 'F', 9),
(2020, 113, 'F', 10),
(2021, 113, 'F', 15),
(2022, 113, 'F', 16),
(2018, 113, 'F', 22),
(2017, 113, 'F', 24),
(2023, 113, 'F', 24),
(2024, 113, 'F', 29),
(2019, 113, 'M', 37),
(2015, 113, 'M', 40),
(2020, 113, 'M', 41),
(2021, 113, 'M', 45),
(2022, 113, 'M', 65),
(2023, 113, 'M', 85),
(2016, 113, 'M', 113),
(2024, 113, 'M', 138),
(2018, 113, 'M', 185),
(2017, 113, 'M', 238),
(2020, 114, 'F', 85),
(2021, 114, 'F', 116),
(2023, 114, 'F', 132),
(2016, 114, 'F', 145),
(2019, 114, 'F', 145),
(2024, 114, 'F', 156),
(2015, 114, 'F', 160),
(2022, 114, 'F', 162),
(2018, 114, 'F', 179),
(2020, 114, 'M', 245),
(2017, 114, 'F', 257),
(2021, 114, 'M', 272),
(2022, 114, 'M', 272),
(2023, 114, 'M', 280),
(2024, 114, 'M', 322),
(2019, 114, 'M', 367),
(2016, 114, 'M', 377),
(2015, 114, 'M', 425),
(2018, 114, 'M', 590),
(2017, 114, 'M', 800),
(2015, 115, 'F', 1),
(2019, 115, 'M', 3),
(2016, 115, 'F', 4),
(2018, 115, 'F', 5),
(2022, 115, 'F', 5),
(2015, 115, 'M', 5),
(2018, 115, 'M', 5),
(2017, 115, 'F', 6),
(2019, 115, 'F', 6),
(2024, 115, 'F', 6),
(2023, 115, 'F', 7),
(2016, 115, 'M', 7),
(2022, 115, 'M', 8),
(2021, 115, 'F', 9),
(2021, 115, 'M', 9),
(2017, 115, 'M', 10),
(2020, 115, 'F', 11),
(2024, 115, 'M', 13),
(2023, 115, 'M', 18),
(2020, 115, 'M', 25),
(2015, 116, 'M', 64),
(2019, 116, 'M', 75),
(2016, 116, 'M', 76),
(2021, 116, 'M', 78),
(2020, 116, 'M', 79),
(2018, 116, 'M', 80),
(2024, 116, 'M', 85),
(2023, 116, 'M', 104),
(2017, 116, 'M', 106),
(2022, 116, 'M', 109),
(2021, 116, 'F', 154),
(2024, 116, 'F', 154),
(2020, 116, 'F', 160),
(2023, 116, 'F', 171),
(2018, 116, 'F', 176),
(2016, 116, 'F', 178),
(2022, 116, 'F', 184),
(2015, 116, 'F', 187),
(2017, 116, 'F', 199),
(2019, 116, 'F', 255),
(2015, 117, 'F', 81),
(2016, 117, 'F', 100),
(2019, 117, 'F', 100),
(2018, 117, 'F', 110),
(2015, 117, 'M', 127),
(2019, 117, 'M', 127),
(2017, 117, 'F', 139),
(2018, 117, 'M', 166),
(2024, 117, 'F', 167),
(2017, 117, 'M', 168),
(2020, 117, 'F', 171),
(2016, 117, 'M', 171),
(2021, 117, 'F', 193),
(2023, 117, 'F', 226),
(2020, 117, 'M', 231),
(2022, 117, 'F', 259),
(2021, 117, 'M', 287),
(2024, 117, 'M', 310),
(2022, 117, 'M', 360),
(2023, 117, 'M', 373),
(2015, 118, 'M', 41),
(2018, 118, 'M', 43),
(2021, 118, 'M', 43),
(2016, 118, 'M', 49),
(2020, 118, 'M', 49),
(2017, 118, 'M', 51),
(2023, 118, 'M', 67),
(2019, 118, 'M', 70),
(2021, 118, 'F', 74),
(2022, 118, 'M', 76),
(2018, 118, 'F', 83),
(2022, 118, 'F', 86),
(2016, 118, 'F', 87),
(2020, 118, 'F', 89),
(2024, 118, 'M', 92),
(2017, 118, 'F', 97),
(2015, 118, 'F', 104),
(2019, 118, 'F', 111),
(2024, 118, 'F', 132),
(2023, 118, 'F', 144),
(2015, 119, 'M', 3),
(2018, 119, 'M', 3),
(2018, 119, 'F', 4),
(2020, 119, 'F', 4),
(2024, 119, 'F', 4),
(2015, 119, 'F', 5),
(2020, 119, 'M', 5),
(2016, 119, 'F', 6),
(2017, 119, 'F', 6),
(2019, 119, 'F', 6),
(2019, 119, 'M', 6),
(2017, 119, 'M', 7),
(2023, 119, 'M', 7),
(2021, 119, 'F', 8),
(2021, 119, 'M', 9),
(2016, 119, 'M', 10),
(2022, 119, 'M', 10),
(2022, 119, 'F', 11),
(2024, 119, 'M', 11),
(2023, 119, 'F', 13),
(2024, 120, 'F', 25),
(2024, 120, 'M', 31),
(2019, 120, 'F', 33),
(2018, 120, 'M', 33),
(2015, 120, 'F', 36),
(2018, 120, 'F', 38),
(2016, 120, 'F', 39),
(2016, 120, 'M', 40),
(2022, 120, 'M', 40),
(2019, 120, 'M', 41),
(2023, 120, 'M', 43),
(2023, 120, 'F', 46),
(2015, 120, 'M', 46),
(2017, 120, 'F', 49),
(2020, 120, 'F', 50),
(2022, 120, 'F', 55),
(2017, 120, 'M', 60),
(2021, 120, 'F', 61),
(2020, 120, 'M', 76),
(2021, 120, 'M', 90),
(2016, 121, 'F', 2),
(2024, 121, 'F', 2),
(2019, 121, 'F', 3),
(2023, 121, 'F', 3),
(2015, 121, 'F', 4),
(2015, 121, 'M', 4),
(2017, 121, 'M', 4),
(2016, 121, 'M', 5),
(2023, 121, 'M', 5),
(2024, 121, 'M', 5),
(2017, 121, 'F', 6),
(2022, 121, 'F', 6),
(2021, 121, 'F', 7),
(2019, 121, 'M', 7),
(2018, 121, 'M', 10),
(2018, 121, 'F', 11),
(2021, 121, 'M', 11),
(2022, 121, 'M', 11),
(2020, 121, 'M', 13),
(2020, 121, 'F', 19),
(2020, 122, 'F', 42),
(2015, 122, 'F', 57),
(2019, 122, 'F', 82),
(2021, 122, 'F', 91),
(2016, 122, 'F', 96),
(2018, 122, 'F', 138),
(2022, 122, 'F', 168),
(2017, 122, 'F', 183),
(2023, 122, 'F', 241),
(2024, 122, 'F', 302),
(2019, 122, 'M', 1337),
(2020, 122, 'M', 1663),
(2022, 122, 'M', 2052),
(2021, 122, 'M', 2177),
(2023, 122, 'M', 2464),
(2024, 122, 'M', 4110),
(2015, 122, 'M', 4753),
(2016, 122, 'M', 5106),
(2018, 122, 'M', 5107),
(2017, 122, 'M', 6669),
(2015, 123, 'F', 48),
(2016, 123, 'F', 76),
(2015, 123, 'M', 76),
(2017, 123, 'F', 89),
(2016, 123, 'M', 110),
(2018, 123, 'F', 131),
(2017, 123, 'M', 134),
(2019, 123, 'F', 142),
(2018, 123, 'M', 201),
(2019, 123, 'M', 209),
(2021, 123, 'F', 303),
(2020, 123, 'F', 315),
(2023, 123, 'F', 317),
(2024, 123, 'F', 321),
(2022, 123, 'F', 369),
(2020, 123, 'M', 397),
(2024, 123, 'M', 397),
(2021, 123, 'M', 462),
(2023, 123, 'M', 470),
(2022, 123, 'M', 519),
(2015, 124, 'F', 0),
(2016, 124, 'F', 0),
(2017, 124, 'F', 0),
(2019, 124, 'F', 0),
(2020, 124, 'F', 0),
(2021, 124, 'F', 0),
(2022, 124, 'F', 0),
(2024, 124, 'F', 0),
(2015, 124, 'M', 0),
(2016, 124, 'M', 0),
(2017, 124, 'M', 0),
(2019, 124, 'M', 0),
(2020, 124, 'M', 0),
(2022, 124, 'M', 0),
(2023, 124, 'M', 0),
(2024, 124, 'M', 0),
(2023, 124, 'F', 1),
(2021, 124, 'M', 1),
(2018, 124, 'F', 2),
(2018, 124, 'M', 2),
(2021, 125, 'F', 5),
(2024, 125, 'F', 5),
(2023, 125, 'F', 6),
(2020, 125, 'F', 8),
(2022, 125, 'F', 8),
(2017, 125, 'F', 9),
(2019, 125, 'F', 9),
(2016, 125, 'F', 10),
(2018, 125, 'F', 13),
(2015, 125, 'F', 16),
(2022, 125, 'M', 22),
(2019, 125, 'M', 26),
(2023, 125, 'M', 27),
(2021, 125, 'M', 32),
(2020, 125, 'M', 33),
(2024, 125, 'M', 34),
(2018, 125, 'M', 48),
(2016, 125, 'M', 61),
(2015, 125, 'M', 69),
(2017, 125, 'M', 74);
INSERT INTO fact_flussi_migratori (anno, id_paese, id_sesso, Num_Migranti) VALUES
(2020, 126, 'M', 41),
(2019, 126, 'M', 44),
(2018, 126, 'M', 50),
(2016, 126, 'M', 51),
(2020, 126, 'F', 56),
(2024, 126, 'M', 60),
(2018, 126, 'F', 61),
(2017, 126, 'M', 64),
(2021, 126, 'M', 65),
(2015, 126, 'M', 69),
(2016, 126, 'F', 80),
(2015, 126, 'F', 81),
(2022, 126, 'M', 82),
(2019, 126, 'F', 84),
(2017, 126, 'F', 86),
(2023, 126, 'M', 92),
(2024, 126, 'F', 95),
(2021, 126, 'F', 104),
(2023, 126, 'F', 120),
(2022, 126, 'F', 144),
(2017, 127, 'M', 269),
(2016, 127, 'M', 277),
(2015, 127, 'M', 278),
(2018, 127, 'M', 344),
(2019, 127, 'M', 361),
(2015, 127, 'F', 370),
(2020, 127, 'M', 370),
(2016, 127, 'F', 372),
(2017, 127, 'F', 396),
(2018, 127, 'F', 421),
(2024, 127, 'M', 426),
(2023, 127, 'M', 431),
(2022, 127, 'M', 435),
(2020, 127, 'F', 460),
(2021, 127, 'M', 469),
(2019, 127, 'F', 486),
(2022, 127, 'F', 545),
(2023, 127, 'F', 551),
(2021, 127, 'F', 556),
(2024, 127, 'F', 562),
(2020, 128, 'M', 1518),
(2021, 128, 'M', 1754),
(2024, 128, 'M', 1815),
(2015, 128, 'M', 1828),
(2016, 128, 'M', 1952),
(2017, 128, 'M', 2040),
(2023, 128, 'M', 2176),
(2022, 128, 'M', 2251),
(2018, 128, 'M', 2256),
(2020, 128, 'F', 2790),
(2019, 128, 'M', 2834),
(2024, 128, 'F', 2961),
(2023, 128, 'F', 3496),
(2015, 128, 'F', 3559),
(2018, 128, 'F', 3562),
(2017, 128, 'F', 3606),
(2016, 128, 'F', 3613),
(2021, 128, 'F', 3902),
(2022, 128, 'F', 4380),
(2019, 128, 'F', 4421),
(2019, 129, 'F', 26),
(2015, 129, 'F', 28),
(2016, 129, 'F', 34),
(2015, 129, 'M', 39),
(2016, 129, 'M', 39),
(2023, 129, 'F', 42),
(2017, 129, 'F', 46),
(2019, 129, 'M', 48),
(2018, 129, 'F', 54),
(2021, 129, 'F', 56),
(2024, 129, 'M', 57),
(2024, 129, 'F', 58),
(2022, 129, 'F', 63),
(2020, 129, 'M', 70),
(2017, 129, 'M', 71),
(2023, 129, 'M', 72),
(2018, 129, 'M', 77),
(2022, 129, 'M', 79),
(2020, 129, 'F', 81),
(2021, 129, 'M', 82),
(2017, 130, 'M', 4),
(2016, 130, 'M', 6),
(2022, 130, 'M', 6),
(2024, 130, 'M', 6),
(2016, 130, 'F', 8),
(2015, 130, 'M', 8),
(2020, 130, 'M', 9),
(2015, 130, 'F', 11),
(2018, 130, 'M', 11),
(2017, 130, 'F', 12),
(2020, 130, 'F', 12),
(2023, 130, 'M', 12),
(2019, 130, 'M', 15),
(2018, 130, 'F', 16),
(2023, 130, 'F', 17),
(2021, 130, 'M', 20),
(2022, 130, 'F', 22),
(2024, 130, 'F', 22),
(2021, 130, 'F', 32),
(2019, 130, 'F', 35),
(2020, 131, 'M', 24),
(2018, 131, 'F', 26),
(2015, 131, 'F', 35),
(2020, 131, 'F', 35),
(2019, 131, 'M', 35),
(2023, 131, 'M', 35),
(2016, 131, 'F', 36),
(2016, 131, 'M', 40),
(2017, 131, 'M', 40),
(2022, 131, 'M', 40),
(2015, 131, 'M', 42),
(2017, 131, 'F', 44),
(2024, 131, 'M', 44),
(2023, 131, 'F', 48),
(2021, 131, 'M', 48),
(2019, 131, 'F', 49),
(2024, 131, 'F', 50),
(2018, 131, 'M', 50),
(2021, 131, 'F', 51),
(2022, 131, 'F', 63),
(2015, 132, 'F', 0),
(2016, 132, 'F', 0),
(2017, 132, 'F', 0),
(2018, 132, 'F', 0),
(2019, 132, 'F', 0),
(2020, 132, 'F', 0),
(2021, 132, 'F', 0),
(2022, 132, 'F', 0),
(2023, 132, 'F', 0),
(2024, 132, 'F', 0),
(2015, 132, 'M', 0),
(2016, 132, 'M', 0),
(2017, 132, 'M', 0),
(2018, 132, 'M', 0),
(2019, 132, 'M', 0),
(2020, 132, 'M', 0),
(2021, 132, 'M', 0),
(2022, 132, 'M', 0),
(2023, 132, 'M', 0),
(2024, 132, 'M', 0),
(2020, 133, 'M', 6064),
(2020, 133, 'F', 6604),
(2016, 133, 'M', 6853),
(2017, 133, 'M', 7060),
(2015, 133, 'M', 7465),
(2015, 133, 'F', 7642),
(2018, 133, 'M', 7674),
(2016, 133, 'F', 7938),
(2021, 133, 'M', 8108),
(2021, 133, 'F', 8200),
(2017, 133, 'F', 8696),
(2022, 133, 'F', 8934),
(2023, 133, 'F', 8986),
(2018, 133, 'F', 9470),
(2024, 133, 'F', 9973),
(2019, 133, 'M', 10458),
(2022, 133, 'M', 10908),
(2019, 133, 'F', 11760),
(2023, 133, 'M', 12237),
(2024, 133, 'M', 14818),
(2023, 134, 'M', 23),
(2018, 134, 'F', 24),
(2023, 134, 'F', 31),
(2016, 134, 'F', 34),
(2019, 134, 'M', 34),
(2022, 134, 'F', 35),
(2018, 134, 'M', 36),
(2016, 134, 'M', 38),
(2020, 134, 'F', 39),
(2020, 134, 'M', 39),
(2019, 134, 'F', 42),
(2015, 134, 'F', 43),
(2022, 134, 'M', 43),
(2021, 134, 'F', 45),
(2017, 134, 'M', 45),
(2021, 134, 'M', 48),
(2024, 134, 'M', 48),
(2015, 134, 'M', 50),
(2024, 134, 'F', 54),
(2017, 134, 'F', 56),
(2019, 135, 'F', 12),
(2017, 135, 'M', 14),
(2020, 135, 'F', 15),
(2015, 135, 'F', 18),
(2016, 135, 'F', 19),
(2015, 135, 'M', 20),
(2016, 135, 'M', 20),
(2018, 135, 'F', 21),
(2019, 135, 'M', 21),
(2018, 135, 'M', 22),
(2020, 135, 'M', 23),
(2022, 135, 'F', 24),
(2023, 135, 'M', 25),
(2017, 135, 'F', 28),
(2021, 135, 'M', 30),
(2024, 135, 'M', 30),
(2021, 135, 'F', 33),
(2022, 135, 'M', 45),
(2023, 135, 'F', 47),
(2024, 135, 'F', 75),
(2019, 136, 'F', 0),
(2023, 136, 'M', 1),
(2017, 136, 'F', 2),
(2018, 136, 'F', 2),
(2015, 136, 'M', 2),
(2017, 136, 'M', 3),
(2018, 136, 'M', 3),
(2015, 136, 'F', 4),
(2016, 136, 'M', 4),
(2019, 136, 'M', 4),
(2016, 136, 'F', 6),
(2022, 136, 'F', 6),
(2024, 136, 'F', 6),
(2021, 136, 'M', 6),
(2023, 136, 'F', 7),
(2020, 136, 'M', 7),
(2020, 136, 'F', 8),
(2022, 136, 'M', 8),
(2021, 136, 'F', 9),
(2024, 136, 'M', 10),
(2015, 137, 'F', 0),
(2016, 137, 'F', 0),
(2017, 137, 'F', 0),
(2018, 137, 'F', 0),
(2019, 137, 'F', 0),
(2020, 137, 'F', 0),
(2021, 137, 'F', 0),
(2022, 137, 'F', 0),
(2023, 137, 'F', 0),
(2024, 137, 'F', 0),
(2015, 137, 'M', 0),
(2016, 137, 'M', 0),
(2017, 137, 'M', 0),
(2018, 137, 'M', 0),
(2019, 137, 'M', 0),
(2020, 137, 'M', 0),
(2021, 137, 'M', 0),
(2023, 137, 'M', 0),
(2024, 137, 'M', 0),
(2022, 137, 'M', 2),
(2020, 138, 'F', 42),
(2021, 138, 'F', 44),
(2022, 138, 'F', 49),
(2020, 138, 'M', 53),
(2015, 138, 'F', 61),
(2018, 138, 'F', 74),
(2017, 138, 'F', 75),
(2016, 138, 'F', 78),
(2019, 138, 'F', 81),
(2022, 138, 'M', 83),
(2021, 138, 'M', 84),
(2017, 138, 'M', 94),
(2019, 138, 'M', 94),
(2016, 138, 'M', 111),
(2023, 138, 'F', 117),
(2023, 138, 'M', 120),
(2024, 138, 'F', 139),
(2015, 138, 'M', 141),
(2018, 138, 'M', 151),
(2024, 138, 'M', 197),
(2015, 139, 'F', 384),
(2015, 139, 'M', 448),
(2016, 139, 'F', 458),
(2017, 139, 'F', 465),
(2016, 139, 'M', 488),
(2018, 139, 'F', 498),
(2019, 139, 'F', 498),
(2017, 139, 'M', 524),
(2019, 139, 'M', 564),
(2018, 139, 'M', 604),
(2020, 139, 'F', 720),
(2020, 139, 'M', 890),
(2021, 139, 'F', 913),
(2024, 139, 'F', 993),
(2023, 139, 'F', 1000),
(2021, 139, 'M', 1027),
(2022, 139, 'F', 1052),
(2024, 139, 'M', 1114),
(2023, 139, 'M', 1233),
(2022, 139, 'M', 1294),
(2015, 140, 'F', 0),
(2016, 140, 'F', 0),
(2017, 140, 'F', 0),
(2018, 140, 'F', 0),
(2019, 140, 'F', 0),
(2020, 140, 'F', 0),
(2021, 140, 'F', 0),
(2022, 140, 'F', 0),
(2024, 140, 'F', 0),
(2015, 140, 'M', 0),
(2016, 140, 'M', 0),
(2017, 140, 'M', 0),
(2018, 140, 'M', 0),
(2019, 140, 'M', 0),
(2020, 140, 'M', 0),
(2021, 140, 'M', 0),
(2022, 140, 'M', 0),
(2023, 140, 'M', 0),
(2024, 140, 'M', 0),
(2023, 140, 'F', 1),
(2015, 141, 'F', 27),
(2015, 141, 'M', 31),
(2016, 141, 'F', 33),
(2016, 141, 'M', 36),
(2019, 141, 'F', 39),
(2017, 141, 'F', 45),
(2020, 141, 'F', 45),
(2018, 141, 'M', 48),
(2018, 141, 'F', 51),
(2017, 141, 'M', 51),
(2021, 141, 'F', 52),
(2020, 141, 'M', 62),
(2019, 141, 'M', 63),
(2023, 141, 'F', 71),
(2024, 141, 'F', 71),
(2022, 141, 'F', 77),
(2021, 141, 'M', 77),
(2022, 141, 'M', 82),
(2023, 141, 'M', 86),
(2024, 141, 'M', 92),
(2015, 142, 'M', 25),
(2016, 142, 'M', 26),
(2017, 142, 'M', 26),
(2015, 142, 'F', 29),
(2020, 142, 'M', 31),
(2017, 142, 'F', 32),
(2021, 142, 'M', 33),
(2016, 142, 'F', 34),
(2023, 142, 'M', 36),
(2018, 142, 'M', 37),
(2019, 142, 'M', 41),
(2021, 142, 'F', 45),
(2024, 142, 'M', 48),
(2020, 142, 'F', 51),
(2019, 142, 'F', 53),
(2018, 142, 'F', 54),
(2022, 142, 'M', 55),
(2024, 142, 'F', 67),
(2022, 142, 'F', 70),
(2023, 142, 'F', 70),
(2020, 143, 'F', 9),
(2016, 143, 'F', 13),
(2015, 143, 'F', 15),
(2021, 143, 'F', 17),
(2023, 143, 'F', 18),
(2017, 143, 'F', 19),
(2019, 143, 'F', 19),
(2022, 143, 'F', 23),
(2024, 143, 'F', 29),
(2018, 143, 'F', 35),
(2022, 143, 'M', 70),
(2023, 143, 'M', 72),
(2020, 143, 'M', 81),
(2024, 143, 'M', 88),
(2015, 143, 'M', 90),
(2021, 143, 'M', 109),
(2019, 143, 'M', 123),
(2016, 143, 'M', 128),
(2018, 143, 'M', 249),
(2017, 143, 'M', 277),
(2015, 144, 'F', 2247),
(2024, 144, 'F', 2448),
(2023, 144, 'F', 2594),
(2019, 144, 'F', 2707),
(2019, 144, 'M', 2902),
(2022, 144, 'F', 2987),
(2016, 144, 'F', 3169),
(2020, 144, 'F', 3208),
(2023, 144, 'M', 3287),
(2024, 144, 'M', 3335),
(2021, 144, 'F', 3389),
(2020, 144, 'M', 4013),
(2022, 144, 'M', 4138),
(2021, 144, 'M', 4386),
(2018, 144, 'F', 5822),
(2017, 144, 'F', 6399),
(2015, 144, 'M', 6826),
(2016, 144, 'M', 11837),
(2018, 144, 'M', 12141),
(2017, 144, 'M', 17159),
(2021, 145, 'M', 0),
(2021, 145, 'F', 1),
(2024, 145, 'F', 1),
(2024, 145, 'M', 1),
(2020, 145, 'F', 2),
(2019, 145, 'M', 2),
(2020, 145, 'M', 2),
(2015, 145, 'F', 3),
(2015, 145, 'M', 3),
(2016, 145, 'M', 3),
(2022, 145, 'M', 3),
(2022, 145, 'F', 4),
(2016, 145, 'F', 5),
(2017, 145, 'F', 5),
(2023, 145, 'F', 5),
(2023, 145, 'M', 5),
(2018, 145, 'F', 6),
(2019, 145, 'F', 9),
(2017, 145, 'M', 9),
(2018, 145, 'M', 9),
(2020, 146, 'M', 693),
(2020, 146, 'F', 790),
(2016, 146, 'M', 834),
(2015, 146, 'M', 836),
(2021, 146, 'M', 859),
(2018, 146, 'M', 901),
(2017, 146, 'M', 924),
(2024, 146, 'M', 956),
(2015, 146, 'F', 982),
(2016, 146, 'F', 990),
(2021, 146, 'F', 991),
(2017, 146, 'F', 1003),
(2018, 146, 'F', 1054),
(2024, 146, 'F', 1109),
(2022, 146, 'M', 1169),
(2019, 146, 'M', 1203),
(2019, 146, 'F', 1211),
(2023, 146, 'M', 1233),
(2023, 146, 'F', 1295),
(2022, 146, 'F', 1323),
(2017, 147, 'F', 71),
(2015, 147, 'F', 72),
(2016, 147, 'F', 79),
(2015, 147, 'M', 85),
(2019, 147, 'F', 86),
(2018, 147, 'F', 87),
(2017, 147, 'M', 91),
(2020, 147, 'F', 96),
(2019, 147, 'M', 97),
(2018, 147, 'M', 105),
(2021, 147, 'F', 108),
(2016, 147, 'M', 110),
(2020, 147, 'M', 116),
(2022, 147, 'F', 121),
(2021, 147, 'M', 139),
(2024, 147, 'F', 140),
(2023, 147, 'F', 145),
(2023, 147, 'M', 162),
(2024, 147, 'M', 164),
(2022, 147, 'M', 181),
(2015, 148, 'F', 5),
(2018, 148, 'F', 5),
(2019, 148, 'F', 7),
(2023, 148, 'F', 9),
(2024, 148, 'F', 9),
(2023, 148, 'M', 11),
(2020, 148, 'F', 14),
(2022, 148, 'F', 14),
(2019, 148, 'M', 16),
(2016, 148, 'F', 17),
(2017, 148, 'F', 19),
(2015, 148, 'M', 19),
(2024, 148, 'M', 19),
(2018, 148, 'M', 21),
(2021, 148, 'F', 24),
(2022, 148, 'M', 27),
(2020, 148, 'M', 29),
(2021, 148, 'M', 38),
(2016, 148, 'M', 40),
(2017, 148, 'M', 45),
(2020, 149, 'F', 1960),
(2021, 149, 'F', 2283),
(2015, 149, 'F', 2424),
(2016, 149, 'F', 2556),
(2022, 149, 'F', 2615),
(2017, 149, 'F', 2932),
(2023, 149, 'F', 3082),
(2018, 149, 'F', 3178),
(2019, 149, 'F', 3754),
(2024, 149, 'F', 4450),
(2019, 149, 'M', 7281),
(2020, 149, 'M', 7704),
(2015, 149, 'M', 8942),
(2018, 149, 'M', 10103),
(2016, 149, 'M', 12166),
(2017, 149, 'M', 12208),
(2021, 149, 'M', 12565),
(2022, 149, 'M', 14014),
(2024, 149, 'M', 16890),
(2023, 149, 'M', 17277),
(2015, 150, 'F', 0),
(2018, 150, 'F', 0),
(2019, 150, 'F', 0),
(2020, 150, 'F', 0),
(2023, 150, 'F', 0),
(2024, 150, 'F', 0),
(2019, 150, 'M', 0),
(2020, 150, 'M', 0),
(2022, 150, 'M', 0),
(2023, 150, 'M', 0),
(2024, 150, 'M', 0),
(2016, 150, 'F', 1),
(2017, 150, 'F', 1),
(2021, 150, 'F', 1),
(2022, 150, 'F', 1),
(2015, 150, 'M', 1),
(2016, 150, 'M', 1),
(2018, 150, 'M', 1),
(2021, 150, 'M', 1),
(2017, 150, 'M', 4);
INSERT INTO fact_flussi_migratori (anno, id_paese, id_sesso, Num_Migranti) VALUES
(2015, 151, 'F', 19),
(2016, 151, 'F', 20),
(2019, 151, 'F', 25),
(2018, 151, 'F', 29),
(2020, 151, 'F', 34),
(2021, 151, 'F', 36),
(2022, 151, 'F', 38),
(2017, 151, 'F', 41),
(2020, 151, 'M', 54),
(2023, 151, 'F', 56),
(2019, 151, 'M', 61),
(2023, 151, 'M', 73),
(2015, 151, 'M', 78),
(2016, 151, 'M', 82),
(2017, 151, 'M', 90),
(2021, 151, 'M', 92),
(2018, 151, 'M', 94),
(2022, 151, 'M', 95),
(2024, 151, 'M', 152),
(2024, 151, 'F', 175),
(2015, 152, 'F', 38),
(2019, 152, 'M', 57),
(2015, 152, 'M', 61),
(2019, 152, 'F', 67),
(2016, 152, 'F', 71),
(2024, 152, 'F', 71),
(2017, 152, 'F', 73),
(2023, 152, 'F', 75),
(2020, 152, 'F', 76),
(2018, 152, 'M', 78),
(2024, 152, 'M', 78),
(2018, 152, 'F', 79),
(2016, 152, 'M', 83),
(2022, 152, 'M', 88),
(2023, 152, 'M', 89),
(2021, 152, 'F', 90),
(2020, 152, 'M', 94),
(2017, 152, 'M', 100),
(2022, 152, 'F', 110),
(2021, 152, 'M', 121),
(2017, 153, 'F', 0),
(2020, 153, 'M', 0),
(2015, 153, 'F', 1),
(2020, 153, 'F', 1),
(2022, 153, 'F', 1),
(2017, 153, 'M', 1),
(2019, 153, 'M', 1),
(2022, 153, 'M', 1),
(2024, 153, 'M', 1),
(2016, 153, 'F', 2),
(2018, 153, 'F', 2),
(2021, 153, 'F', 2),
(2024, 153, 'F', 2),
(2023, 153, 'M', 2),
(2019, 153, 'F', 3),
(2016, 153, 'M', 3),
(2021, 153, 'M', 4),
(2015, 153, 'M', 5),
(2023, 153, 'F', 6),
(2018, 153, 'M', 9),
(2020, 154, 'M', 41),
(2020, 154, 'F', 44),
(2015, 154, 'M', 44),
(2019, 154, 'M', 44),
(2021, 154, 'M', 49),
(2017, 154, 'M', 50),
(2018, 154, 'M', 56),
(2016, 154, 'M', 61),
(2015, 154, 'F', 70),
(2016, 154, 'F', 72),
(2017, 154, 'F', 74),
(2018, 154, 'F', 82),
(2019, 154, 'F', 88),
(2022, 154, 'M', 100),
(2021, 154, 'F', 125),
(2023, 154, 'M', 126),
(2024, 154, 'M', 151),
(2022, 154, 'F', 157),
(2023, 154, 'F', 179),
(2024, 154, 'F', 197),
(2016, 155, 'M', 917),
(2015, 155, 'M', 932),
(2016, 155, 'F', 1022),
(2017, 155, 'M', 1133),
(2015, 155, 'F', 1161),
(2018, 155, 'M', 1240),
(2017, 155, 'F', 1281),
(2020, 155, 'M', 1354),
(2018, 155, 'F', 1460),
(2020, 155, 'F', 1661),
(2019, 155, 'M', 1769),
(2019, 155, 'F', 2075),
(2021, 155, 'M', 2185),
(2021, 155, 'F', 3401),
(2022, 155, 'M', 3601),
(2023, 155, 'M', 5159),
(2022, 155, 'F', 5633),
(2023, 155, 'F', 6627),
(2024, 155, 'M', 7382),
(2024, 155, 'F', 9174),
(2020, 156, 'M', 704),
(2021, 156, 'M', 812),
(2020, 156, 'F', 867),
(2022, 156, 'M', 882),
(2023, 156, 'M', 996),
(2024, 156, 'M', 1020),
(2021, 156, 'F', 1211),
(2018, 156, 'M', 1244),
(2024, 156, 'F', 1294),
(2019, 156, 'M', 1352),
(2018, 156, 'F', 1359),
(2019, 156, 'F', 1467),
(2017, 156, 'M', 1507),
(2023, 156, 'F', 1520),
(2022, 156, 'F', 1583),
(2016, 156, 'M', 1596),
(2016, 156, 'F', 1633),
(2017, 156, 'F', 1694),
(2015, 156, 'M', 1810),
(2015, 156, 'F', 2042),
(2020, 157, 'M', 530),
(2018, 157, 'M', 620),
(2019, 157, 'M', 639),
(2017, 157, 'M', 642),
(2021, 157, 'M', 677),
(2016, 157, 'M', 747),
(2023, 157, 'M', 749),
(2024, 157, 'M', 763),
(2015, 157, 'M', 781),
(2022, 157, 'M', 790),
(2024, 157, 'F', 1114),
(2023, 157, 'F', 1152),
(2020, 157, 'F', 1279),
(2022, 157, 'F', 1294),
(2021, 157, 'F', 1302),
(2018, 157, 'F', 1394),
(2019, 157, 'F', 1502),
(2017, 157, 'F', 1565),
(2016, 157, 'F', 1800),
(2015, 157, 'F', 1989),
(2015, 158, 'F', 207),
(2016, 158, 'F', 212),
(2015, 158, 'M', 216),
(2016, 158, 'M', 224),
(2017, 158, 'F', 259),
(2017, 158, 'M', 268),
(2018, 158, 'F', 302),
(2019, 158, 'F', 318),
(2018, 158, 'M', 323),
(2020, 158, 'F', 360),
(2019, 158, 'M', 386),
(2020, 158, 'M', 415),
(2021, 158, 'F', 504),
(2022, 158, 'F', 527),
(2023, 158, 'F', 582),
(2024, 158, 'F', 582),
(2021, 158, 'M', 617),
(2022, 158, 'M', 681),
(2023, 158, 'M', 759),
(2024, 158, 'M', 777),
(2015, 159, 'F', 31),
(2019, 159, 'F', 32),
(2017, 159, 'F', 44),
(2024, 159, 'F', 48),
(2016, 159, 'F', 49),
(2015, 159, 'M', 49),
(2018, 159, 'F', 56),
(2023, 159, 'F', 58),
(2022, 159, 'F', 62),
(2019, 159, 'M', 64),
(2021, 159, 'F', 70),
(2017, 159, 'M', 73),
(2024, 159, 'M', 76),
(2016, 159, 'M', 84),
(2018, 159, 'M', 84),
(2023, 159, 'M', 87),
(2020, 159, 'F', 100),
(2021, 159, 'M', 101),
(2022, 159, 'M', 140),
(2020, 159, 'M', 203),
(2024, 160, 'M', 9927),
(2020, 160, 'M', 10357),
(2024, 160, 'F', 10843),
(2021, 160, 'M', 11612),
(2023, 160, 'M', 11837),
(2023, 160, 'F', 12224),
(2022, 160, 'M', 12957),
(2018, 160, 'M', 15334),
(2021, 160, 'F', 15432),
(2020, 160, 'F', 15740),
(2016, 160, 'M', 15781),
(2017, 160, 'M', 15929),
(2022, 160, 'F', 15961),
(2015, 160, 'M', 16167),
(2019, 160, 'M', 17489),
(2018, 160, 'F', 21219),
(2019, 160, 'F', 21851),
(2017, 160, 'F', 24653),
(2016, 160, 'F', 26467),
(2015, 160, 'F', 28042),
(2020, 161, 'M', 580),
(2021, 161, 'M', 700),
(2018, 161, 'M', 855),
(2017, 161, 'M', 863),
(2016, 161, 'M', 943),
(2019, 161, 'M', 951),
(2015, 161, 'M', 987),
(2024, 161, 'M', 1236),
(2022, 161, 'M', 1462),
(2023, 161, 'M', 1664),
(2020, 161, 'F', 1678),
(2018, 161, 'F', 2087),
(2017, 161, 'F', 2241),
(2016, 161, 'F', 2261),
(2021, 161, 'F', 2294),
(2015, 161, 'F', 2417),
(2024, 161, 'F', 2455),
(2019, 161, 'F', 2614),
(2022, 161, 'F', 2933),
(2023, 161, 'F', 3102),
(2016, 162, 'M', 11),
(2015, 162, 'M', 12),
(2020, 162, 'M', 21),
(2016, 162, 'F', 23),
(2015, 162, 'F', 25),
(2017, 162, 'F', 25),
(2017, 162, 'M', 25),
(2018, 162, 'M', 26),
(2018, 162, 'F', 27),
(2020, 162, 'F', 27),
(2021, 162, 'M', 29),
(2022, 162, 'M', 34),
(2019, 162, 'F', 36),
(2019, 162, 'M', 36),
(2024, 162, 'F', 37),
(2022, 162, 'F', 39),
(2023, 162, 'M', 42),
(2024, 162, 'M', 43),
(2021, 162, 'F', 51),
(2023, 162, 'F', 61),
(2015, 163, 'F', 0),
(2016, 163, 'F', 0),
(2017, 163, 'F', 0),
(2018, 163, 'F', 0),
(2019, 163, 'F', 0),
(2020, 163, 'F', 0),
(2021, 163, 'F', 0),
(2023, 163, 'F', 0),
(2015, 163, 'M', 0),
(2017, 163, 'M', 0),
(2019, 163, 'M', 0),
(2020, 163, 'M', 0),
(2023, 163, 'M', 0),
(2024, 163, 'F', 1),
(2021, 163, 'M', 1),
(2022, 163, 'M', 1),
(2024, 163, 'M', 1),
(2022, 163, 'F', 2),
(2016, 163, 'M', 2),
(2018, 163, 'M', 2),
(2015, 164, 'F', 0),
(2016, 164, 'F', 0),
(2020, 164, 'F', 0),
(2015, 164, 'M', 0),
(2016, 164, 'M', 0),
(2018, 164, 'M', 0),
(2019, 164, 'M', 0),
(2020, 164, 'M', 0),
(2023, 164, 'M', 0),
(2024, 164, 'M', 0),
(2018, 164, 'F', 1),
(2024, 164, 'F', 1),
(2017, 164, 'M', 1),
(2021, 164, 'M', 1),
(2022, 164, 'M', 1),
(2019, 164, 'F', 2),
(2021, 164, 'F', 2),
(2023, 164, 'F', 2),
(2017, 164, 'F', 3),
(2022, 164, 'F', 3),
(2015, 165, 'F', 0),
(2016, 165, 'F', 0),
(2017, 165, 'F', 0),
(2018, 165, 'F', 0),
(2019, 165, 'F', 0),
(2020, 165, 'F', 0),
(2021, 165, 'F', 0),
(2022, 165, 'F', 0),
(2023, 165, 'F', 0),
(2024, 165, 'F', 0),
(2015, 165, 'M', 0),
(2016, 165, 'M', 0),
(2017, 165, 'M', 0),
(2018, 165, 'M', 0),
(2019, 165, 'M', 0),
(2020, 165, 'M', 0),
(2021, 165, 'M', 0),
(2022, 165, 'M', 0),
(2023, 165, 'M', 0),
(2024, 165, 'M', 0),
(2015, 166, 'F', 0),
(2019, 166, 'F', 0),
(2021, 166, 'F', 0),
(2023, 166, 'F', 0),
(2024, 166, 'F', 0),
(2015, 166, 'M', 0),
(2017, 166, 'M', 0),
(2019, 166, 'M', 0),
(2021, 166, 'M', 0),
(2024, 166, 'M', 0),
(2017, 166, 'F', 1),
(2018, 166, 'F', 1),
(2022, 166, 'F', 1),
(2018, 166, 'M', 1),
(2022, 166, 'M', 1),
(2023, 166, 'M', 1),
(2020, 166, 'M', 3),
(2020, 166, 'F', 4),
(2016, 166, 'M', 4),
(2016, 166, 'F', 6),
(2015, 167, 'F', 0),
(2016, 167, 'F', 0),
(2017, 167, 'F', 0),
(2021, 167, 'F', 0),
(2022, 167, 'F', 0),
(2023, 167, 'F', 0),
(2015, 167, 'M', 0),
(2022, 167, 'M', 0),
(2023, 167, 'M', 0),
(2019, 167, 'F', 1),
(2020, 167, 'F', 1),
(2021, 167, 'M', 1),
(2024, 167, 'M', 1),
(2020, 167, 'M', 2),
(2018, 167, 'F', 3),
(2024, 167, 'F', 4),
(2016, 167, 'M', 4),
(2017, 167, 'M', 4),
(2019, 167, 'M', 4),
(2018, 167, 'M', 10),
(2020, 168, 'F', 0),
(2021, 168, 'F', 0),
(2024, 168, 'F', 0),
(2015, 168, 'M', 0),
(2022, 168, 'M', 0),
(2015, 168, 'F', 1),
(2019, 168, 'F', 1),
(2022, 168, 'F', 1),
(2016, 168, 'M', 1),
(2019, 168, 'M', 1),
(2021, 168, 'M', 1),
(2016, 168, 'F', 2),
(2017, 168, 'F', 2),
(2018, 168, 'F', 2),
(2023, 168, 'F', 2),
(2020, 168, 'M', 2),
(2024, 168, 'M', 2),
(2017, 168, 'M', 3),
(2023, 168, 'M', 4),
(2018, 168, 'M', 6),
(2019, 169, 'M', 43),
(2019, 169, 'F', 45),
(2017, 169, 'F', 50),
(2016, 169, 'F', 52),
(2018, 169, 'F', 56),
(2017, 169, 'M', 58),
(2015, 169, 'F', 59),
(2024, 169, 'F', 59),
(2018, 169, 'M', 67),
(2016, 169, 'M', 69),
(2015, 169, 'M', 73),
(2023, 169, 'F', 75),
(2022, 169, 'F', 79),
(2021, 169, 'M', 82),
(2024, 169, 'M', 87),
(2021, 169, 'F', 89),
(2020, 169, 'F', 96),
(2023, 169, 'M', 98),
(2020, 169, 'M', 105),
(2022, 169, 'M', 106),
(2015, 170, 'F', 27),
(2023, 170, 'F', 32),
(2019, 170, 'F', 34),
(2016, 170, 'F', 37),
(2017, 170, 'F', 40),
(2020, 170, 'F', 45),
(2024, 170, 'F', 45),
(2022, 170, 'F', 51),
(2018, 170, 'F', 53),
(2021, 170, 'F', 54),
(2019, 170, 'M', 67),
(2023, 170, 'M', 71),
(2015, 170, 'M', 80),
(2017, 170, 'M', 87),
(2024, 170, 'M', 89),
(2016, 170, 'M', 93),
(2020, 170, 'M', 93),
(2018, 170, 'M', 100),
(2021, 170, 'M', 102),
(2022, 170, 'M', 129),
(2020, 171, 'F', 1263),
(2021, 171, 'F', 1655),
(2016, 171, 'F', 1670),
(2018, 171, 'F', 1675),
(2015, 171, 'F', 1792),
(2022, 171, 'F', 1856),
(2017, 171, 'F', 1883),
(2023, 171, 'F', 1951),
(2019, 171, 'F', 2159),
(2024, 171, 'F', 2435),
(2020, 171, 'M', 3352),
(2019, 171, 'M', 4172),
(2023, 171, 'M', 4467),
(2021, 171, 'M', 4480),
(2022, 171, 'M', 5143),
(2015, 171, 'M', 5711),
(2024, 171, 'M', 5784),
(2016, 171, 'M', 6909),
(2018, 171, 'M', 7235),
(2017, 171, 'M', 9259),
(2021, 172, 'M', 301),
(2020, 172, 'M', 304),
(2024, 172, 'M', 335),
(2016, 172, 'M', 348),
(2023, 172, 'M', 350),
(2015, 172, 'M', 357),
(2018, 172, 'M', 376),
(2022, 172, 'M', 381),
(2020, 172, 'F', 383),
(2019, 172, 'M', 395),
(2017, 172, 'M', 400),
(2024, 172, 'F', 436),
(2018, 172, 'F', 444),
(2015, 172, 'F', 447),
(2023, 172, 'F', 461),
(2016, 172, 'F', 476),
(2022, 172, 'F', 483),
(2021, 172, 'F', 488),
(2019, 172, 'F', 541),
(2017, 172, 'F', 543),
(2021, 173, 'F', 4),
(2024, 173, 'F', 4),
(2017, 173, 'F', 6),
(2019, 173, 'F', 6),
(2019, 173, 'M', 6),
(2015, 173, 'M', 7),
(2016, 173, 'M', 7),
(2017, 173, 'M', 7),
(2015, 173, 'F', 8),
(2021, 173, 'M', 8),
(2022, 173, 'M', 9),
(2016, 173, 'F', 12),
(2020, 173, 'F', 12),
(2020, 173, 'M', 12),
(2023, 173, 'M', 12),
(2024, 173, 'M', 12),
(2022, 173, 'F', 14),
(2023, 173, 'F', 16),
(2018, 173, 'F', 23),
(2018, 173, 'M', 23),
(2020, 174, 'F', 16),
(2015, 174, 'F', 18),
(2019, 174, 'F', 19),
(2022, 174, 'F', 27),
(2021, 174, 'F', 37),
(2016, 174, 'F', 39),
(2018, 174, 'F', 61),
(2017, 174, 'F', 77),
(2023, 174, 'F', 78),
(2019, 174, 'M', 90),
(2024, 174, 'F', 91),
(2015, 174, 'M', 92),
(2020, 174, 'M', 107),
(2021, 174, 'M', 112),
(2022, 174, 'M', 128),
(2016, 174, 'M', 187),
(2023, 174, 'M', 251),
(2024, 174, 'M', 269),
(2018, 174, 'M', 440),
(2017, 174, 'M', 588),
(2015, 175, 'M', 58),
(2019, 175, 'F', 67),
(2019, 175, 'M', 68),
(2016, 175, 'F', 74),
(2016, 175, 'M', 80),
(2024, 175, 'M', 91),
(2017, 175, 'F', 92),
(2018, 175, 'F', 94),
(2015, 175, 'F', 95),
(2024, 175, 'F', 98),
(2018, 175, 'M', 113),
(2023, 175, 'F', 118),
(2017, 175, 'M', 124),
(2022, 175, 'F', 132),
(2020, 175, 'F', 137),
(2021, 175, 'M', 151),
(2021, 175, 'F', 159),
(2020, 175, 'M', 159),
(2022, 175, 'M', 160),
(2023, 175, 'M', 163);
INSERT INTO fact_flussi_migratori (anno, id_paese, id_sesso, Num_Migranti) VALUES
(2020, 176, 'M', 107),
(2019, 176, 'M', 108),
(2022, 176, 'M', 122),
(2021, 176, 'M', 134),
(2024, 176, 'M', 134),
(2018, 176, 'M', 136),
(2016, 176, 'M', 142),
(2017, 176, 'M', 144),
(2023, 176, 'M', 163),
(2015, 176, 'M', 180),
(2020, 176, 'F', 196),
(2021, 176, 'F', 234),
(2023, 176, 'F', 247),
(2024, 176, 'F', 248),
(2018, 176, 'F', 249),
(2019, 176, 'F', 272),
(2022, 176, 'F', 274),
(2017, 176, 'F', 282),
(2016, 176, 'F', 308),
(2015, 176, 'F', 342),
(2015, 177, 'F', 101),
(2016, 177, 'F', 109),
(2018, 177, 'F', 110),
(2017, 177, 'F', 121),
(2015, 177, 'M', 132),
(2019, 177, 'F', 140),
(2017, 177, 'M', 146),
(2021, 177, 'F', 151),
(2016, 177, 'M', 154),
(2020, 177, 'F', 159),
(2018, 177, 'M', 160),
(2024, 177, 'F', 171),
(2022, 177, 'F', 173),
(2019, 177, 'M', 181),
(2023, 177, 'F', 182),
(2023, 177, 'M', 212),
(2020, 177, 'M', 213),
(2024, 177, 'M', 226),
(2021, 177, 'M', 231),
(2022, 177, 'M', 234),
(2015, 178, 'F', 0),
(2016, 178, 'F', 0),
(2018, 178, 'F', 0),
(2019, 178, 'F', 0),
(2022, 178, 'F', 0),
(2023, 178, 'F', 0),
(2024, 178, 'F', 0),
(2015, 178, 'M', 0),
(2018, 178, 'M', 0),
(2020, 178, 'M', 0),
(2021, 178, 'M', 0),
(2023, 178, 'M', 0),
(2021, 178, 'F', 1),
(2016, 178, 'M', 1),
(2019, 178, 'M', 1),
(2024, 178, 'M', 1),
(2017, 178, 'F', 2),
(2020, 178, 'F', 2),
(2017, 178, 'M', 2),
(2022, 178, 'M', 2),
(2024, 179, 'F', 127),
(2023, 179, 'F', 138),
(2020, 179, 'F', 145),
(2021, 179, 'F', 234),
(2019, 179, 'F', 237),
(2015, 179, 'F', 264),
(2022, 179, 'F', 268),
(2016, 179, 'F', 294),
(2018, 179, 'F', 423),
(2024, 179, 'M', 515),
(2017, 179, 'F', 549),
(2020, 179, 'M', 579),
(2023, 179, 'M', 615),
(2019, 179, 'M', 633),
(2016, 179, 'M', 911),
(2022, 179, 'M', 1071),
(2018, 179, 'M', 1107),
(2015, 179, 'M', 1121),
(2021, 179, 'M', 1220),
(2017, 179, 'M', 1602),
(2015, 180, 'F', 126),
(2015, 180, 'M', 139),
(2016, 180, 'F', 148),
(2018, 180, 'F', 152),
(2017, 180, 'F', 160),
(2020, 180, 'F', 160),
(2016, 180, 'M', 163),
(2017, 180, 'M', 164),
(2020, 180, 'M', 164),
(2018, 180, 'M', 167),
(2019, 180, 'F', 168),
(2019, 180, 'M', 173),
(2023, 180, 'F', 182),
(2023, 180, 'M', 184),
(2022, 180, 'M', 188),
(2024, 180, 'F', 216),
(2022, 180, 'F', 234),
(2024, 180, 'M', 234),
(2021, 180, 'M', 244),
(2021, 180, 'F', 257),
(2020, 181, 'M', 113),
(2022, 181, 'M', 133),
(2024, 181, 'M', 134),
(2020, 181, 'F', 155),
(2022, 181, 'F', 155),
(2024, 181, 'F', 155),
(2016, 181, 'M', 157),
(2021, 181, 'M', 157),
(2018, 181, 'M', 160),
(2021, 181, 'F', 161),
(2016, 181, 'F', 163),
(2017, 181, 'F', 186),
(2015, 181, 'M', 187),
(2023, 181, 'M', 187),
(2023, 181, 'F', 200),
(2015, 181, 'F', 206),
(2018, 181, 'F', 210),
(2017, 181, 'M', 210),
(2019, 181, 'M', 231),
(2019, 181, 'F', 258),
(2018, 182, 'F', 0),
(2017, 182, 'F', 1),
(2016, 182, 'M', 1),
(2016, 182, 'F', 2),
(2021, 182, 'F', 2),
(2015, 182, 'M', 2),
(2015, 182, 'F', 3),
(2020, 182, 'F', 4),
(2022, 182, 'F', 6),
(2017, 182, 'M', 7),
(2018, 182, 'M', 7),
(2021, 182, 'M', 7),
(2024, 182, 'F', 8),
(2023, 182, 'F', 9),
(2020, 182, 'M', 14),
(2019, 182, 'F', 16),
(2019, 182, 'M', 22),
(2022, 182, 'M', 30),
(2024, 182, 'M', 31),
(2023, 182, 'M', 32),
(2015, 183, 'M', 1503),
(2016, 183, 'M', 1622),
(2017, 183, 'M', 1631),
(2015, 183, 'F', 1666),
(2017, 183, 'F', 1699),
(2018, 183, 'M', 1747),
(2016, 183, 'F', 1789),
(2018, 183, 'F', 1830),
(2019, 183, 'F', 1976),
(2019, 183, 'M', 2036),
(2020, 183, 'F', 2468),
(2020, 183, 'M', 2501),
(2024, 183, 'F', 2559),
(2023, 183, 'F', 2659),
(2022, 183, 'F', 2663),
(2024, 183, 'M', 2792),
(2021, 183, 'F', 2831),
(2022, 183, 'M', 2880),
(2023, 183, 'M', 2923),
(2021, 183, 'M', 2944),
(2021, 184, 'M', 953),
(2022, 184, 'F', 997),
(2020, 184, 'M', 1039),
(2021, 184, 'F', 1066),
(2022, 184, 'M', 1170),
(2020, 184, 'F', 1226),
(2023, 184, 'F', 1340),
(2018, 184, 'M', 1487),
(2023, 184, 'M', 1536),
(2017, 184, 'M', 1586),
(2016, 184, 'M', 1807),
(2018, 184, 'F', 1888),
(2019, 184, 'M', 2092),
(2016, 184, 'F', 2197),
(2017, 184, 'F', 2236),
(2015, 184, 'M', 2288),
(2024, 184, 'F', 2350),
(2019, 184, 'F', 2463),
(2015, 184, 'F', 2569),
(2024, 184, 'M', 2800),
(2016, 185, 'F', 45),
(2020, 185, 'F', 45),
(2015, 185, 'F', 46),
(2018, 185, 'F', 59),
(2021, 185, 'F', 60),
(2017, 185, 'F', 64),
(2023, 185, 'F', 75),
(2022, 185, 'F', 77),
(2024, 185, 'F', 89),
(2019, 185, 'F', 96),
(2016, 185, 'M', 147),
(2020, 185, 'M', 148),
(2015, 185, 'M', 150),
(2019, 185, 'M', 191),
(2021, 185, 'M', 193),
(2018, 185, 'M', 227),
(2024, 185, 'M', 238),
(2017, 185, 'M', 240),
(2023, 185, 'M', 264),
(2022, 185, 'M', 267),
(2019, 186, 'F', 0),
(2020, 186, 'F', 0),
(2021, 186, 'F', 0),
(2022, 186, 'F', 0),
(2018, 186, 'M', 0),
(2019, 186, 'M', 0),
(2020, 186, 'M', 0),
(2021, 186, 'M', 0),
(2022, 186, 'M', 0),
(2023, 186, 'M', 0),
(2024, 186, 'M', 0),
(2015, 186, 'F', 1),
(2015, 186, 'M', 1),
(2016, 186, 'M', 1),
(2017, 186, 'M', 1),
(2017, 186, 'F', 2),
(2018, 186, 'F', 2),
(2024, 186, 'F', 3),
(2016, 186, 'F', 4),
(2023, 186, 'F', 5),
(2015, 187, 'F', 138),
(2015, 187, 'M', 142),
(2016, 187, 'M', 156),
(2017, 187, 'F', 165),
(2016, 187, 'F', 170),
(2017, 187, 'M', 176),
(2019, 187, 'F', 195),
(2018, 187, 'M', 195),
(2018, 187, 'F', 196),
(2019, 187, 'M', 204),
(2020, 187, 'F', 251),
(2020, 187, 'M', 254),
(2021, 187, 'F', 258),
(2023, 187, 'F', 284),
(2021, 187, 'M', 298),
(2022, 187, 'F', 340),
(2024, 187, 'F', 347),
(2023, 187, 'M', 356),
(2022, 187, 'M', 364),
(2024, 187, 'M', 385),
(2015, 188, 'F', 1413),
(2019, 188, 'F', 1665),
(2016, 188, 'F', 1690),
(2015, 188, 'M', 1806),
(2017, 188, 'F', 1843),
(2018, 188, 'F', 2046),
(2016, 188, 'M', 2177),
(2020, 188, 'F', 2286),
(2019, 188, 'M', 2368),
(2023, 188, 'F', 2406),
(2017, 188, 'M', 2415),
(2024, 188, 'F', 2459),
(2021, 188, 'F', 2507),
(2022, 188, 'F', 2814),
(2018, 188, 'M', 2824),
(2020, 188, 'M', 3164),
(2024, 188, 'M', 3182),
(2023, 188, 'M', 3240),
(2021, 188, 'M', 3455),
(2022, 188, 'M', 3799),
(2021, 189, 'F', 140),
(2015, 189, 'F', 171),
(2021, 189, 'M', 181),
(2022, 189, 'F', 198),
(2024, 189, 'F', 236),
(2023, 189, 'F', 240),
(2020, 189, 'F', 250),
(2015, 189, 'M', 272),
(2022, 189, 'M', 284),
(2023, 189, 'M', 298),
(2024, 189, 'M', 304),
(2020, 189, 'M', 321),
(2016, 189, 'F', 365),
(2019, 189, 'F', 375),
(2016, 189, 'M', 397),
(2018, 189, 'F', 426),
(2019, 189, 'M', 525),
(2018, 189, 'M', 567),
(2017, 189, 'F', 582),
(2017, 189, 'M', 673),
(2020, 190, 'M', 25),
(2017, 190, 'M', 30),
(2016, 190, 'M', 31),
(2024, 190, 'M', 41),
(2016, 190, 'F', 46),
(2019, 190, 'M', 46),
(2021, 190, 'M', 47),
(2015, 190, 'M', 49),
(2018, 190, 'M', 50),
(2017, 190, 'F', 54),
(2022, 190, 'M', 57),
(2021, 190, 'F', 60),
(2020, 190, 'F', 64),
(2018, 190, 'F', 65),
(2023, 190, 'M', 65),
(2023, 190, 'F', 72),
(2015, 190, 'F', 73),
(2019, 190, 'F', 77),
(2022, 190, 'F', 84),
(2024, 190, 'F', 87),
(2015, 191, 'F', 1),
(2018, 191, 'F', 1),
(2016, 191, 'M', 1),
(2020, 191, 'M', 1),
(2015, 191, 'M', 2),
(2018, 191, 'M', 3),
(2019, 191, 'F', 5),
(2021, 191, 'F', 5),
(2022, 191, 'F', 5),
(2017, 191, 'F', 7),
(2016, 191, 'F', 8),
(2021, 191, 'M', 8),
(2022, 191, 'M', 8),
(2017, 191, 'M', 9),
(2020, 191, 'F', 10),
(2019, 191, 'M', 10),
(2023, 191, 'F', 14),
(2023, 191, 'M', 15),
(2024, 191, 'F', 17),
(2024, 191, 'M', 20),
(2015, 192, 'M', 49),
(2020, 192, 'F', 57),
(2019, 192, 'F', 58),
(2018, 192, 'M', 59),
(2018, 192, 'F', 60),
(2021, 192, 'F', 60),
(2023, 192, 'M', 61),
(2024, 192, 'M', 62),
(2020, 192, 'M', 63),
(2022, 192, 'M', 64),
(2019, 192, 'M', 65),
(2016, 192, 'M', 66),
(2017, 192, 'F', 68),
(2015, 192, 'F', 79),
(2023, 192, 'F', 80),
(2022, 192, 'F', 83),
(2017, 192, 'M', 83),
(2021, 192, 'M', 83),
(2016, 192, 'F', 86),
(2024, 192, 'F', 90),
(2019, 193, 'M', 194),
(2024, 193, 'M', 197),
(2018, 193, 'M', 224),
(2020, 193, 'M', 224),
(2022, 193, 'M', 226),
(2015, 193, 'M', 230),
(2017, 193, 'M', 246),
(2023, 193, 'M', 246),
(2016, 193, 'M', 252),
(2021, 193, 'M', 263),
(2020, 193, 'F', 305),
(2024, 193, 'F', 370),
(2023, 193, 'F', 374),
(2022, 193, 'F', 380),
(2021, 193, 'F', 386),
(2015, 193, 'F', 430),
(2017, 193, 'F', 437),
(2019, 193, 'F', 451),
(2016, 193, 'F', 476),
(2018, 193, 'F', 493),
(2023, 194, 'M', 0),
(2021, 194, 'F', 1),
(2020, 194, 'M', 1),
(2018, 194, 'F', 3),
(2018, 194, 'M', 3),
(2021, 194, 'M', 3),
(2022, 194, 'M', 3),
(2019, 194, 'M', 4),
(2015, 194, 'F', 5),
(2016, 194, 'F', 5),
(2024, 194, 'M', 5),
(2020, 194, 'F', 6),
(2022, 194, 'F', 6),
(2017, 194, 'F', 7),
(2024, 194, 'F', 7),
(2023, 194, 'F', 8),
(2016, 194, 'M', 8),
(2015, 194, 'M', 9),
(2017, 194, 'M', 12),
(2019, 194, 'F', 17),
(2022, 195, 'F', 71),
(2020, 195, 'F', 76),
(2023, 195, 'F', 83),
(2016, 195, 'F', 98),
(2021, 195, 'F', 98),
(2015, 195, 'F', 112),
(2024, 195, 'F', 118),
(2019, 195, 'F', 127),
(2021, 195, 'M', 161),
(2018, 195, 'F', 163),
(2022, 195, 'M', 163),
(2017, 195, 'F', 164),
(2020, 195, 'M', 179),
(2019, 195, 'M', 185),
(2023, 195, 'M', 194),
(2015, 195, 'M', 236),
(2024, 195, 'M', 255),
(2016, 195, 'M', 326),
(2018, 195, 'M', 508),
(2017, 195, 'M', 686),
(2015, 196, 'F', 0),
(2016, 196, 'F', 0),
(2017, 196, 'F', 0),
(2018, 196, 'F', 0),
(2019, 196, 'F', 0),
(2020, 196, 'F', 0),
(2022, 196, 'F', 0),
(2024, 196, 'F', 0),
(2015, 196, 'M', 0),
(2016, 196, 'M', 0),
(2017, 196, 'M', 0),
(2020, 196, 'M', 0),
(2021, 196, 'M', 0),
(2022, 196, 'M', 0),
(2024, 196, 'M', 0),
(2021, 196, 'F', 1),
(2023, 196, 'F', 1),
(2019, 196, 'M', 1),
(2023, 196, 'M', 1),
(2018, 196, 'M', 4),
(2017, 197, 'F', 0),
(2017, 197, 'M', 0),
(2019, 197, 'M', 0),
(2015, 197, 'F', 1),
(2015, 197, 'M', 1),
(2016, 197, 'M', 1),
(2018, 197, 'M', 1),
(2023, 197, 'M', 1),
(2020, 197, 'F', 2),
(2021, 197, 'F', 2),
(2024, 197, 'F', 2),
(2020, 197, 'M', 2),
(2022, 197, 'M', 2),
(2016, 197, 'F', 3),
(2023, 197, 'F', 3),
(2022, 197, 'F', 4),
(2021, 197, 'M', 4),
(2024, 197, 'M', 4),
(2019, 197, 'F', 5),
(2018, 197, 'F', 6),
(2015, 198, 'F', 1371),
(2016, 198, 'F', 1483),
(2020, 198, 'F', 1565),
(2017, 198, 'F', 1673),
(2018, 198, 'F', 1819),
(2020, 198, 'M', 2002),
(2017, 198, 'M', 2054),
(2018, 198, 'M', 2075),
(2021, 198, 'F', 2202),
(2019, 198, 'F', 2420),
(2016, 198, 'M', 2436),
(2015, 198, 'M', 2659),
(2019, 198, 'M', 2899),
(2022, 198, 'F', 2941),
(2021, 198, 'M', 3417),
(2023, 198, 'F', 4677),
(2022, 198, 'M', 5453),
(2024, 198, 'F', 6442),
(2023, 198, 'M', 8391),
(2024, 198, 'M', 12253),
(2015, 199, 'F', 404),
(2016, 199, 'F', 430),
(2020, 199, 'F', 438),
(2017, 199, 'F', 524),
(2018, 199, 'F', 549),
(2016, 199, 'M', 564),
(2015, 199, 'M', 588),
(2019, 199, 'F', 605),
(2020, 199, 'M', 623),
(2017, 199, 'M', 633),
(2021, 199, 'F', 635),
(2018, 199, 'M', 650),
(2019, 199, 'M', 703),
(2021, 199, 'M', 769),
(2022, 199, 'F', 792),
(2022, 199, 'M', 1099),
(2023, 199, 'F', 1287),
(2024, 199, 'F', 1476),
(2023, 199, 'M', 1631),
(2024, 199, 'M', 1914),
(2020, 200, 'F', 1),
(2018, 200, 'M', 1),
(2021, 200, 'F', 2),
(2017, 200, 'M', 2),
(2021, 200, 'M', 2),
(2018, 200, 'F', 3),
(2022, 200, 'M', 3),
(2022, 200, 'F', 4),
(2019, 200, 'F', 5),
(2015, 200, 'M', 5),
(2020, 200, 'M', 5),
(2023, 200, 'M', 5),
(2016, 200, 'M', 6),
(2019, 200, 'M', 7),
(2024, 200, 'M', 7),
(2023, 200, 'F', 8),
(2015, 200, 'F', 9),
(2016, 200, 'F', 9),
(2017, 200, 'F', 10),
(2024, 200, 'F', 14);
INSERT INTO fact_flussi_migratori (anno, id_paese, id_sesso, Num_Migranti) VALUES
(2015, 201, 'F', 0),
(2016, 201, 'F', 0),
(2017, 201, 'F', 0),
(2018, 201, 'F', 0),
(2019, 201, 'F', 0),
(2020, 201, 'F', 0),
(2021, 201, 'F', 0),
(2022, 201, 'F', 0),
(2023, 201, 'F', 0),
(2024, 201, 'F', 0),
(2015, 201, 'M', 0),
(2016, 201, 'M', 0),
(2017, 201, 'M', 0),
(2018, 201, 'M', 0),
(2019, 201, 'M', 0),
(2020, 201, 'M', 0),
(2021, 201, 'M', 0),
(2022, 201, 'M', 0),
(2023, 201, 'M', 0),
(2024, 201, 'M', 0),
(2015, 202, 'F', 0),
(2016, 202, 'F', 0),
(2017, 202, 'F', 0),
(2018, 202, 'F', 0),
(2019, 202, 'F', 0),
(2020, 202, 'F', 0),
(2021, 202, 'F', 0),
(2022, 202, 'F', 0),
(2023, 202, 'F', 0),
(2024, 202, 'F', 0),
(2015, 202, 'M', 0),
(2016, 202, 'M', 0),
(2017, 202, 'M', 0),
(2018, 202, 'M', 0),
(2019, 202, 'M', 0),
(2020, 202, 'M', 0),
(2021, 202, 'M', 0),
(2022, 202, 'M', 0),
(2023, 202, 'M', 0),
(2024, 202, 'M', 0),
(2018, 203, 'M', 29),
(2015, 203, 'M', 31),
(2020, 203, 'M', 31),
(2017, 203, 'M', 35),
(2019, 203, 'F', 38),
(2020, 203, 'F', 43),
(2022, 203, 'M', 43),
(2016, 203, 'F', 45),
(2024, 203, 'M', 45),
(2015, 203, 'F', 46),
(2018, 203, 'F', 46),
(2019, 203, 'M', 46),
(2016, 203, 'M', 47),
(2021, 203, 'M', 50),
(2017, 203, 'F', 51),
(2022, 203, 'F', 51),
(2023, 203, 'F', 52),
(2023, 203, 'M', 62),
(2021, 203, 'F', 63),
(2024, 203, 'F', 73),
(2020, 204, 'M', 1319),
(2021, 204, 'M', 1836),
(2019, 204, 'M', 2203),
(2018, 204, 'M', 2424),
(2017, 204, 'M', 2523),
(2016, 204, 'M', 2883),
(2015, 204, 'M', 2922),
(2020, 204, 'F', 3950),
(2019, 204, 'F', 5219),
(2018, 204, 'F', 5392),
(2017, 204, 'F', 5479),
(2016, 204, 'F', 5914),
(2015, 204, 'F', 6510),
(2021, 204, 'F', 7535),
(2024, 204, 'M', 8772),
(2022, 204, 'M', 8861),
(2023, 204, 'M', 11031),
(2024, 204, 'F', 16899),
(2022, 204, 'F', 21932),
(2023, 204, 'F', 23332),
(2015, 205, 'F', 171),
(2015, 205, 'M', 210),
(2016, 205, 'F', 243),
(2024, 205, 'F', 260),
(2019, 205, 'F', 275),
(2023, 205, 'F', 276),
(2017, 205, 'F', 292),
(2021, 205, 'F', 307),
(2016, 205, 'M', 338),
(2024, 205, 'M', 338),
(2017, 205, 'M', 339),
(2018, 205, 'F', 369),
(2022, 205, 'F', 378),
(2019, 205, 'M', 378),
(2023, 205, 'M', 421),
(2022, 205, 'M', 460),
(2021, 205, 'M', 477),
(2018, 205, 'M', 478),
(2020, 205, 'F', 564),
(2020, 205, 'M', 676),
(2015, 206, 'F', 1881),
(2015, 206, 'M', 2114),
(2016, 206, 'F', 2377),
(2016, 206, 'M', 2750),
(2017, 206, 'F', 2924),
(2018, 206, 'F', 3230),
(2017, 206, 'M', 3290),
(2019, 206, 'F', 3443),
(2018, 206, 'M', 3725),
(2024, 206, 'F', 4016),
(2019, 206, 'M', 4240),
(2023, 206, 'F', 4466),
(2024, 206, 'M', 4554),
(2022, 206, 'F', 5224),
(2021, 206, 'F', 5363),
(2023, 206, 'M', 5468),
(2022, 206, 'M', 6244),
(2021, 206, 'M', 6303),
(2020, 206, 'F', 6676),
(2020, 206, 'M', 7833),
(2015, 207, 'F', 1680),
(2015, 207, 'M', 1694),
(2016, 207, 'F', 1728),
(2016, 207, 'M', 1760),
(2017, 207, 'M', 1911),
(2017, 207, 'F', 1935),
(2019, 207, 'F', 1944),
(2019, 207, 'M', 2007),
(2018, 207, 'F', 2153),
(2018, 207, 'M', 2291),
(2020, 207, 'F', 2408),
(2020, 207, 'M', 2508),
(2021, 207, 'F', 2621),
(2021, 207, 'M', 2817),
(2022, 207, 'F', 2919),
(2023, 207, 'F', 2998),
(2024, 207, 'F', 3059),
(2023, 207, 'M', 3119),
(2024, 207, 'M', 3216),
(2022, 207, 'M', 3264),
(2015, 208, 'M', 62),
(2015, 208, 'F', 70),
(2021, 208, 'F', 70),
(2016, 208, 'M', 75),
(2016, 208, 'F', 80),
(2020, 208, 'M', 80),
(2017, 208, 'F', 84),
(2017, 208, 'M', 91),
(2018, 208, 'F', 92),
(2018, 208, 'M', 93),
(2020, 208, 'F', 98),
(2021, 208, 'M', 99),
(2019, 208, 'M', 123),
(2022, 208, 'M', 125),
(2022, 208, 'F', 127),
(2019, 208, 'F', 141),
(2023, 208, 'F', 148),
(2023, 208, 'M', 183),
(2024, 208, 'M', 183),
(2024, 208, 'F', 190),
(2015, 209, 'M', 10),
(2018, 209, 'M', 11),
(2020, 209, 'F', 13),
(2016, 209, 'M', 15),
(2017, 209, 'M', 15),
(2017, 209, 'F', 22),
(2019, 209, 'M', 23),
(2018, 209, 'F', 25),
(2020, 209, 'M', 27),
(2015, 209, 'F', 28),
(2016, 209, 'F', 28),
(2022, 209, 'F', 32),
(2021, 209, 'F', 34),
(2019, 209, 'F', 38),
(2022, 209, 'M', 40),
(2024, 209, 'F', 46),
(2023, 209, 'F', 51),
(2023, 209, 'M', 54),
(2021, 209, 'M', 58),
(2024, 209, 'M', 68),
(2016, 210, 'F', 0),
(2017, 210, 'F', 0),
(2018, 210, 'F', 0),
(2019, 210, 'F', 0),
(2020, 210, 'F', 0),
(2021, 210, 'F', 0),
(2023, 210, 'F', 0),
(2024, 210, 'F', 0),
(2015, 210, 'M', 0),
(2016, 210, 'M', 0),
(2018, 210, 'M', 0),
(2019, 210, 'M', 0),
(2022, 210, 'M', 0),
(2022, 210, 'F', 1),
(2017, 210, 'M', 1),
(2021, 210, 'M', 1),
(2023, 210, 'M', 1),
(2024, 210, 'M', 1),
(2015, 210, 'F', 2),
(2020, 210, 'M', 3),
(2015, 211, 'M', 851),
(2020, 211, 'M', 1097),
(2015, 211, 'F', 1111),
(2016, 211, 'M', 1316),
(2021, 211, 'M', 1343),
(2022, 211, 'M', 1358),
(2023, 211, 'M', 1436),
(2016, 211, 'F', 1501),
(2020, 211, 'F', 1512),
(2024, 211, 'M', 1651),
(2022, 211, 'F', 1701),
(2021, 211, 'F', 1703),
(2023, 211, 'F', 1800),
(2017, 211, 'M', 1923),
(2024, 211, 'F', 2060),
(2017, 211, 'F', 2206),
(2019, 211, 'M', 2371),
(2018, 211, 'M', 2733),
(2019, 211, 'F', 2808),
(2018, 211, 'F', 3166),
(2020, 212, 'M', 67),
(2018, 212, 'M', 84),
(2023, 212, 'M', 84),
(2019, 212, 'M', 98),
(2017, 212, 'M', 104),
(2015, 212, 'M', 112),
(2024, 212, 'M', 118),
(2016, 212, 'M', 121),
(2020, 212, 'F', 133),
(2022, 212, 'M', 133),
(2017, 212, 'F', 139),
(2015, 212, 'F', 142),
(2018, 212, 'F', 147),
(2021, 212, 'M', 158),
(2024, 212, 'F', 162),
(2022, 212, 'F', 171),
(2016, 212, 'F', 173),
(2023, 212, 'F', 176),
(2019, 212, 'F', 196),
(2021, 212, 'F', 215),
(2015, 213, 'F', 0),
(2016, 213, 'F', 0),
(2017, 213, 'F', 0),
(2018, 213, 'F', 0),
(2019, 213, 'F', 0),
(2021, 213, 'F', 0),
(2024, 213, 'F', 0),
(2015, 213, 'M', 0),
(2016, 213, 'M', 0),
(2017, 213, 'M', 0),
(2018, 213, 'M', 0),
(2019, 213, 'M', 0),
(2024, 213, 'M', 0),
(2022, 213, 'F', 1),
(2022, 213, 'M', 1),
(2023, 213, 'M', 1),
(2020, 213, 'F', 2),
(2020, 213, 'M', 2),
(2023, 213, 'F', 5),
(2021, 213, 'M', 5),
(2015, 214, 'F', 0),
(2016, 214, 'F', 0),
(2017, 214, 'F', 0),
(2018, 214, 'F', 0),
(2019, 214, 'F', 0),
(2020, 214, 'F', 0),
(2021, 214, 'F', 0),
(2022, 214, 'F', 0),
(2023, 214, 'F', 0),
(2024, 214, 'F', 0),
(2015, 214, 'M', 0),
(2016, 214, 'M', 0),
(2017, 214, 'M', 0),
(2018, 214, 'M', 0),
(2019, 214, 'M', 0),
(2020, 214, 'M', 0),
(2021, 214, 'M', 0),
(2022, 214, 'M', 0),
(2023, 214, 'M', 0),
(2024, 214, 'M', 0),
(2020, 215, 'F', 5),
(2018, 215, 'F', 7),
(2015, 215, 'F', 9),
(2021, 215, 'F', 10),
(2019, 215, 'F', 14),
(2024, 215, 'F', 14),
(2020, 215, 'M', 15),
(2023, 215, 'F', 16),
(2022, 215, 'F', 17),
(2019, 215, 'M', 17),
(2016, 215, 'F', 18),
(2017, 215, 'F', 19),
(2021, 215, 'M', 21),
(2015, 215, 'M', 22),
(2024, 215, 'M', 22),
(2016, 215, 'M', 24),
(2023, 215, 'M', 24),
(2022, 215, 'M', 28),
(2017, 215, 'M', 29),
(2018, 215, 'M', 29),
(2017, 216, 'F', 8),
(2020, 216, 'F', 11),
(2019, 216, 'M', 13),
(2020, 216, 'M', 13),
(2019, 216, 'F', 14),
(2015, 216, 'M', 15),
(2018, 216, 'F', 17),
(2023, 216, 'F', 17),
(2015, 216, 'F', 18),
(2024, 216, 'F', 19),
(2023, 216, 'M', 19),
(2016, 216, 'F', 20),
(2022, 216, 'F', 20),
(2018, 216, 'M', 20),
(2016, 216, 'M', 21),
(2017, 216, 'M', 22),
(2022, 216, 'M', 22),
(2024, 216, 'M', 24),
(2021, 216, 'M', 29),
(2021, 216, 'F', 37),
(2018, 217, 'M', 8),
(2022, 217, 'M', 9),
(2015, 217, 'F', 10),
(2015, 217, 'M', 10),
(2016, 217, 'M', 10),
(2017, 217, 'M', 12),
(2017, 217, 'F', 13),
(2016, 217, 'F', 14),
(2018, 217, 'F', 15),
(2019, 217, 'M', 16),
(2021, 217, 'M', 16),
(2024, 217, 'F', 18),
(2019, 217, 'F', 19),
(2020, 217, 'M', 19),
(2022, 217, 'F', 20),
(2023, 217, 'F', 20),
(2024, 217, 'M', 22),
(2021, 217, 'F', 23),
(2023, 217, 'M', 23),
(2020, 217, 'F', 29);
INSERT INTO fact_economia_istat (anno, id_paese, tasso_occupazione_perc, val_aggiunto_mln, occ_primario_perc, occ_secondario_perc, occ_terziario_perc) VALUES
(2024, 160.0, 62.5, 34000.0, 12.0, 48.0, 40.0),
(2024, 2.0, 60.1, 15000.0, 8.5, 35.0, 56.5),
(2024, 90.0, 61.0, 7100.0, 35.0, 25.0, 40.0),
(2024, 57.0, 59.3, 6500.0, 10.0, 40.0, 50.0),
(2024, 16.0, 63.2, 5200.0, 5.0, 60.0, 35.0),
(2024, 155.0, 64.5, 4800.0, 4.0, 25.0, 71.0);
INSERT INTO fact_contributi_inps (anno, id_paese, lavoratori_attivi, stipendio_medio_annuo, contributi_versati_mln, pensionati, perc_impiego_domestico) VALUES
(2024, 160.0, 850000, 16500, 4600, 120000, 28.5),
(2024, 2.0, 420000, 17200, 2300, 55000, 15.2),
(2024, 90.0, 145000, 18200, 850, 18000, 5.0),
(2024, 57.0, 120000, 16900, 680, 15000, 3.5),
(2024, 16.0, 115000, 15500, 590, 12000, 2.0),
(2024, 155.0, 95000, 16100, 510, 14000, 45.0);
INSERT INTO fact_impatto_regionale (anno, id_regione, Occupati_immigrati_k, PIL_generato_mld, incidenza_pil_perc, Fabbisogno_occupati) VALUES
(2024, 1, 204, 14.1, 0.098, 48376),
(2024, 2, 5, 0.5, 0.103, 1024),
(2024, 3, 73, 7.0, 0.132, 21000),
(2024, 4, 600, 41.1, 0.091, 152000),
(2024, 5, 50, 5.8, 0.109, 24100),
(2024, 6, 272, 19.8, 0.109, 69000),
(2024, 7, 58, 4.5, 0.108, 16300),
(2024, 8, 268, 21.5, 0.122, 67100),
(2024, 9, 214, 14.4, 0.113, 63000),
(2024, 10, 44, 2.4, 0.101, 12200),
(2024, 11, 59, 3.4, 0.076, 19800),
(2024, 12, 311, 23.3, 0.107, 57600),
(2024, 13, 39, 2.6, 0.07, 11300),
(2024, 14, 6, 0.4, 0.051, 1500),
(2024, 15, 96, 5.6, 0.047, 28100),
(2024, 16, 61, 2.5, 0.029, 15600),
(2024, 17, 12, 0.7, 0.055, 2700),
(2024, 18, 39, 1.9, 0.053, 7400),
(2024, 19, 26, 1.3, 0.033, 5900),
(2024, 20, 75, 4.2, 0.041, 15800);
